Číselný kód obce,Názov obce,Názov okresu,Názov kraja,NDC,PO
507814,Bernolákovo,Senec,Bratislavský,2,BA
503681,Boldog,Senec,Bratislavský,2,BA
507831,Borinka,Malacky,Bratislavský,2,BA
582000,Bratislava   ,,Bratislavský,2,BA
529435,Bratislava - mestská časť Čunovo,Bratislava V,Bratislavský,2,BA
529401,Bratislava - mestská časť Devín,Bratislava IV,Bratislavský,2,BA
529371,Bratislava - mestská časť Devínska Nová Ves,Bratislava IV,Bratislavský,2,BA
529389,Bratislava - mestská časť Dúbravka,Bratislava IV,Bratislavský,2,BA
529443,Bratislava - mestská časť Jarovce,Bratislava V,Bratislavský,2,BA
529397,Bratislava - mestská časť Karlova Ves,Bratislava IV,Bratislavský,2,BA
529419,Bratislava - mestská časť Lamač,Bratislava IV,Bratislavský,2,BA
529346,Bratislava - mestská časť Nové Mesto,Bratislava III,Bratislavský,2,BA
529460,Bratislava - mestská časť Petržalka,Bratislava V,Bratislavský,2,BA
529311,Bratislava - mestská časť Podunajské Biskupice,Bratislava II,Bratislavský,2,BA
529354,Bratislava - mestská časť Rača,Bratislava III,Bratislavský,2,BA
529494,Bratislava - mestská časť Rusovce,Bratislava V,Bratislavský,2,BA
529320,Bratislava - mestská časť Ružinov,Bratislava II,Bratislavský,2,BA
528595,Bratislava - mestská časť Staré Mesto,Bratislava I,Bratislavský,2,BA
529362,Bratislava - mestská časť Vajnory,Bratislava III,Bratislavský,2,BA
529338,Bratislava - mestská časť Vrakuňa,Bratislava II,Bratislavský,2,BA
529427,Bratislava - mestská časť Záhorská Bystrica,Bratislava IV,Bratislavský,2,BA
545333,Dunajská Lužná,Senec,Bratislavský,2,BA
507903,Hamuliakovo,Senec,Bratislavský,2,BA
503797,Hrubá Borša,Senec,Bratislavský,2,BA
503801,Hrubý Šúr,Senec,Bratislavský,2,BA
503819,Hurbanova Ves,Senec,Bratislavský,2,BA
507911,Chorvátsky Grob,Senec,Bratislavský,2,BA
507938,Ivanka pri Dunaji,Senec,Bratislavský,2,BA
507997,Kalinkovo,Senec,Bratislavský,2,BA
503851,Kostolná pri Dunaji,Senec,Bratislavský,2,BA
503894,Kráľová pri Senci,Senec,Bratislavský,2,BA
508055,Lozorno,Malacky,Bratislavský,2,BA
508071,Malinovo,Senec,Bratislavský,2,BA
508080,Marianka,Malacky,Bratislavský,2,BA
508098,Miloslavov,Senec,Bratislavský,2,BA
508110,Most pri Bratislave,Senec,Bratislavský,2,BA
508136,Nová Dedinka,Senec,Bratislavský,2,BA
503983,Reca,Senec,Bratislavský,2,BA
508209,Rovinka,Senec,Bratislavský,2,BA
508217,Senec,Senec,Bratislavský,2,BA
508233,Stupava,Malacky,Bratislavský,2,BA
507989,Svätý Jur,Pezinok,Bratislavský,2,BA
508276,Tomášov,Senec,Bratislavský,2,BA
508284,Tureň,Senec,Bratislavský,2,BA
508292,Veľký Biel,Senec,Bratislavský,2,BA
508331,Vlky,Senec,Bratislavský,2,BA
508349,Vysoká pri Morave,Malacky,Bratislavský,2,BA
555509,Zálesie,Senec,Bratislavský,2,BA
508381,Zohor,Malacky,Bratislavský,2,BA
503673,Abrahám,Galanta,Trnavský,31,DUST
501441,Báč,Dunajská Streda,Trnavský,31,DUST
501450,Baka,Dunajská Streda,Trnavský,31,DUST
501468,Baloň,Dunajská Streda,Trnavský,31,DUST
555517,Bellova Ves,Dunajská Streda,Trnavský,31,DUST
501484,Blahová,Dunajská Streda,Trnavský,31,DUST
501492,Blatná na Ostrove,Dunajská Streda,Trnavský,31,DUST
503461,Bodíky,Dunajská Streda,Trnavský,31,DUST
501506,Boheľov,Dunajská Streda,Trnavský,31,DUST
501514,Čakany,Dunajská Streda,Trnavský,31,DUST
580554,Čenkovce,Dunajská Streda,Trnavský,31,DUST
503690,Čierna Voda,Galanta,Trnavský,31,DUST
503703,Čierny Brod,Galanta,Trnavský,31,DUST
501531,Čiližská Radvaň,Dunajská Streda,Trnavský,31,DUST
503711,Diakovce,Šaľa,Nitriansky,31,DUST
503720,Dlhá nad Váhom,Šaľa,Nitriansky,31,DUST
501549,Dobrohošť,Dunajská Streda,Trnavský,31,DUST
555789,Dolná Streda,Galanta,Trnavský,31,DUST
503746,Dolné Saliby,Galanta,Trnavský,31,DUST
501557,Dolný Bar,Dunajská Streda,Trnavský,31,DUST
503754,Dolný Chotár,Galanta,Trnavský,31,DUST
501611,Dolný Štál,Dunajská Streda,Trnavský,31,DUST
501433,Dunajská Streda,Dunajská Streda,Trnavský,31,DUST
555541,Dunajský Klátov,Dunajská Streda,Trnavský,31,DUST
501573,Gabčíkovo,Dunajská Streda,Trnavský,31,DUST
503665,Galanta,Galanta,Trnavský,31,DUST
503762,Gáň,Galanta,Trnavský,31,DUST
501581,Holice,Dunajská Streda,Trnavský,31,DUST
501590,Horná Potôň,Dunajská Streda,Trnavský,31,DUST
555568,Horné Mýto,Dunajská Streda,Trnavský,31,DUST
503771,Horné Saliby,Galanta,Trnavský,31,DUST
501603,Horný Bar,Dunajská Streda,Trnavský,31,DUST
503789,Hoste,Galanta,Trnavský,31,DUST
501620,Hubice,Dunajská Streda,Trnavský,31,DUST
501638,Hviezdoslavov,Dunajská Streda,Trnavský,31,DUST
501654,Jahodná,Dunajská Streda,Trnavský,31,DUST
501662,Janíky,Dunajská Streda,Trnavský,31,DUST
503827,Jánovce,Galanta,Trnavský,31,DUST
503835,Jelka,Galanta,Trnavský,31,DUST
501671,Jurová,Dunajská Streda,Trnavský,31,DUST
503843,Kajal,Galanta,Trnavský,31,DUST
501689,Kľúčovec,Dunajská Streda,Trnavský,31,DUST
501697,Kostolné Kračany,Dunajská Streda,Trnavský,31,DUST
503860,Košúty,Galanta,Trnavský,31,DUST
503878,Kráľov Brod,Galanta,Trnavský,31,DUST
503886,Kráľová nad Váhom,Šaľa,Nitriansky,31,DUST
501701,Kráľovičove Kračany,Dunajská Streda,Trnavský,31,DUST
501719,Kútniky,Dunajská Streda,Trnavský,31,DUST
501727,Kvetoslavov,Dunajská Streda,Trnavský,31,DUST
580597,Kyselica,Dunajská Streda,Trnavský,31,DUST
501735,Lehnice,Dunajská Streda,Trnavský,31,DUST
501743,Lúč na Ostrove,Dunajská Streda,Trnavský,31,DUST
555606,Macov,Dunajská Streda,Trnavský,31,DUST
555649,Mad,Dunajská Streda,Trnavský,31,DUST
555665,Malé Dvorníky,Dunajská Streda,Trnavský,31,DUST
555754,Matúškovo,Galanta,Trnavský,31,DUST
501760,Medveďov,Dunajská Streda,Trnavský,31,DUST
501778,Mierovo,Dunajská Streda,Trnavský,31,DUST
501786,Michal na Ostrove,Dunajská Streda,Trnavský,31,DUST
503924,Mostová,Galanta,Trnavský,31,DUST
501930,Ňárad,Dunajská Streda,Trnavský,31,DUST
503932,Neded,Šaľa,Nitriansky,31,DUST
501808,Nový Život,Dunajská Streda,Trnavský,31,DUST
501816,Ohrady,Dunajská Streda,Trnavský,31,DUST
501824,Okoč,Dunajská Streda,Trnavský,31,DUST
501832,Oľdza,Dunajská Streda,Trnavský,31,DUST
501859,Orechová Potôň,Dunajská Streda,Trnavský,31,DUST
501867,Padáň,Dunajská Streda,Trnavský,31,DUST
503959,Pata,Galanta,Trnavský,31,DUST
501883,Pataš,Dunajská Streda,Trnavský,31,DUST
555720,Povoda,Dunajská Streda,Trnavský,31,DUST
503967,Pusté Sady,Galanta,Trnavský,31,DUST
503975,Pusté Úľany,Galanta,Trnavský,31,DUST
501891,Rohovce,Dunajská Streda,Trnavský,31,DUST
501875,Sap,Dunajská Streda,Trnavský,31,DUST
503991,Selice,Šaľa,Nitriansky,31,DUST
504009,Sereď,Galanta,Trnavský,31,DUST
504017,Sládkovičovo,Galanta,Trnavský,31,DUST
504025,Šaľa,Šaľa,Nitriansky,31,DUST
504033,Šalgočka,Galanta,Trnavský,31,DUST
501905,Šamorín,Dunajská Streda,Trnavský,31,DUST
504041,Šintava,Galanta,Trnavský,31,DUST
504050,Šoporňa,Galanta,Trnavský,31,DUST
501913,Štvrtok na Ostrove,Dunajská Streda,Trnavský,31,DUST
504068,Tešedíkovo,Šaľa,Nitriansky,31,DUST
504076,Tomášikovo,Galanta,Trnavský,31,DUST
504084,Topoľnica,Galanta,Trnavský,31,DUST
501921,Topoľníky,Dunajská Streda,Trnavský,31,DUST
555576,Trhová Hradská,Dunajská Streda,Trnavský,31,DUST
501956,Trnávka,Dunajská Streda,Trnavský,31,DUST
504092,Trnovec nad Váhom,Šaľa,Nitriansky,31,DUST
501964,Trstená na Ostrove,Dunajská Streda,Trnavský,31,DUST
504106,Trstice,Galanta,Trnavský,31,DUST
504114,Váhovce,Galanta,Trnavský,31,DUST
504122,Veľká Mača,Galanta,Trnavský,31,DUST
501972,Veľká Paka,Dunajská Streda,Trnavský,31,DUST
501981,Veľké Blahovo,Dunajská Streda,Trnavský,31,DUST
555673,Veľké Dvorníky,Dunajská Streda,Trnavský,31,DUST
504131,Veľké Úľany,Galanta,Trnavský,31,DUST
504149,Veľký Grob,Galanta,Trnavský,31,DUST
501522,Veľký Meder,Dunajská Streda,Trnavský,31,DUST
555746,Vieska,Dunajská Streda,Trnavský,31,DUST
504157,Vinohrady nad Váhom,Galanta,Trnavský,31,DUST
504165,Vlčany,Šaľa,Nitriansky,31,DUST
501999,Vojka nad Dunajom,Dunajská Streda,Trnavský,31,DUST
504173,Vozokany,Galanta,Trnavský,31,DUST
502006,Vrakúň,Dunajská Streda,Trnavský,31,DUST
502014,Vydrany,Dunajská Streda,Trnavský,31,DUST
504181,Zemianske Sady,Galanta,Trnavský,31,DUST
502022,Zlaté Klasy,Dunajská Streda,Trnavský,31,DUST
504190,Žihárec,Šaľa,Nitriansky,31,DUST
505838,Adamovské Kochanovce,Trenčín,Trenčiansky,32,TN
505846,Beckov,Nové Mesto nad Váhom,Trenčiansky,32,TN
505854,Bobot,Trenčín,Trenčiansky,32,TN
505871,Bošáca,Nové Mesto nad Váhom,Trenčiansky,32,TN
505889,Brunovce,Nové Mesto nad Váhom,Trenčiansky,32,TN
505897,Bzince pod Javorinou,Nové Mesto nad Váhom,Trenčiansky,32,TN
505901,Čachtice,Nové Mesto nad Váhom,Trenčiansky,32,TN
505919,Častkovce,Nové Mesto nad Váhom,Trenčiansky,32,TN
505935,Dolná Poruba,Trenčín,Trenčiansky,32,TN
505943,Dolná Súča,Trenčín,Trenčiansky,32,TN
505951,Dolné Srnie,Nové Mesto nad Váhom,Trenčiansky,32,TN
505960,Drietoma,Trenčín,Trenčiansky,32,TN
505978,Dubodiel,Trenčín,Trenčiansky,32,TN
556424,Haluzice,Nové Mesto nad Váhom,Trenčiansky,32,TN
506001,Horná Streda,Nové Mesto nad Váhom,Trenčiansky,32,TN
506010,Horná Súča,Trenčín,Trenčiansky,32,TN
506028,Horňany,Trenčín,Trenčiansky,32,TN
506036,Horné Srnie,Trenčín,Trenčiansky,32,TN
505994,Hôrka nad Váhom,Nové Mesto nad Váhom,Trenčiansky,32,TN
506044,Hrabovka,Trenčín,Trenčiansky,32,TN
506052,Hrádok,Nové Mesto nad Váhom,Trenčiansky,32,TN
506061,Hrachovište,Nové Mesto nad Váhom,Trenčiansky,32,TN
506079,Hrašné,Myjava,Trenčiansky,32,TN
506087,Chocholná - Velčice,Trenčín,Trenčiansky,32,TN
506095,Ivanovce,Trenčín,Trenčiansky,32,TN
506109,Kalnica,Nové Mesto nad Váhom,Trenčiansky,32,TN
506125,Kočovce,Nové Mesto nad Váhom,Trenčiansky,32,TN
506133,Kostolná - Záriečie,Trenčín,Trenčiansky,32,TN
506141,Kostolné,Myjava,Trenčiansky,32,TN
506150,Krajné,Myjava,Trenčiansky,32,TN
506168,Krivosúd - Bodovka,Trenčín,Trenčiansky,32,TN
506184,Lubina,Nové Mesto nad Váhom,Trenčiansky,32,TN
545686,Melčice - Lieskové,Trenčín,Trenčiansky,32,TN
506231,Mníchova Lehota,Trenčín,Trenčiansky,32,TN
506265,Moravské Lieskové,Nové Mesto nad Váhom,Trenčiansky,32,TN
506273,Motešice,Trenčín,Trenčiansky,32,TN
506281,Nemšová,Trenčín,Trenčiansky,32,TN
506290,Neporadza,Trenčín,Trenčiansky,32,TN
506303,Nová Bošáca,Nové Mesto nad Váhom,Trenčiansky,32,TN
556459,Nová Ves nad Váhom,Nové Mesto nad Váhom,Trenčiansky,32,TN
506338,Nové Mesto nad Váhom,Nové Mesto nad Váhom,Trenčiansky,32,TN
506346,Očkov,Nové Mesto nad Váhom,Trenčiansky,32,TN
506354,Omšenie,Trenčín,Trenčiansky,32,TN
506371,Opatovce,Trenčín,Trenčiansky,32,TN
581348,Petrova Lehota,Trenčín,Trenčiansky,32,TN
506401,Pobedim,Nové Mesto nad Váhom,Trenčiansky,32,TN
506419,Podkylava,Myjava,Trenčiansky,32,TN
506427,Podolie,Nové Mesto nad Váhom,Trenčiansky,32,TN
506435,Potvorice,Nové Mesto nad Váhom,Trenčiansky,32,TN
506443,Považany,Nové Mesto nad Váhom,Trenčiansky,32,TN
506478,Selec,Trenčín,Trenčiansky,32,TN
546682,Skalka nad Váhom,Trenčín,Trenčiansky,32,TN
506508,Soblahov,Trenčín,Trenčiansky,32,TN
506524,Stará Turá,Nové Mesto nad Váhom,Trenčiansky,32,TN
506532,Svinná,Trenčín,Trenčiansky,32,TN
506541,Štvrtok,Trenčín,Trenčiansky,32,TN
506559,Trenčianska Teplá,Trenčín,Trenčiansky,32,TN
506567,Trenčianska Turná,Trenčín,Trenčiansky,32,TN
506583,Trenčianske Bohuslavice,Nové Mesto nad Váhom,Trenčiansky,32,TN
506591,Trenčianske Jastrabie,Trenčín,Trenčiansky,32,TN
506605,Trenčianske Mitice,Trenčín,Trenčiansky,32,TN
545741,Trenčianske Stankovce,Trenčín,Trenčiansky,32,TN
506613,Trenčianske Teplice,Trenčín,Trenčiansky,32,TN
505820,Trenčín,Trenčín,Trenčiansky,32,TN
506630,Vaďovce,Nové Mesto nad Váhom,Trenčiansky,32,TN
506648,Veľká Hradná,Trenčín,Trenčiansky,32,TN
506656,Veľké Bierovce,Trenčín,Trenčiansky,32,TN
506672,Višňové,Nové Mesto nad Váhom,Trenčiansky,32,TN
556475,Zamarovce,Trenčín,Trenčiansky,32,TN
556441,Zemianske Podhradie,Nové Mesto nad Váhom,Trenčiansky,32,TN
507806,Báhoň,Pezinok,Bratislavský,33,TRNV
581399,Banka,Piešťany,Trnavský,33,TRNV
558354,Bašovce,Piešťany,Trnavský,33,TRNV
580473,Biely Kostol,Trnava,Trnavský,33,TRNV
506788,Bíňovce,Trnava,Trnavský,33,TRNV
507822,Blatné,Senec,Bratislavský,33,TRNV
506796,Bohdanovce nad Trnavou,Trnava,Trnavský,33,TRNV
506800,Bojničky,Hlohovec,Trnavský,33,TRNV
506818,Boleráz,Trnava,Trnavský,33,TRNV
506826,Borová,Trnava,Trnavský,33,TRNV
506834,Borovce,Piešťany,Trnavský,33,TRNV
506842,Brestovany,Trnava,Trnavský,33,TRNV
506851,Bučany,Trnava,Trnavský,33,TRNV
507849,Budmerice,Pezinok,Bratislavský,33,TRNV
506869,Buková,Trnava,Trnavský,33,TRNV
506877,Cífer,Trnava,Trnavský,33,TRNV
507857,Častá,Pezinok,Bratislavský,33,TRNV
507865,Čataj,Senec,Bratislavský,33,TRNV
506885,Červeník,Hlohovec,Trnavský,33,TRNV
506893,Dechtice,Trnava,Trnavský,33,TRNV
556599,Dlhá,Trnava,Trnavský,33,TRNV
506915,Dobrá Voda,Trnava,Trnavský,33,TRNV
507873,Doľany,Pezinok,Bratislavský,33,TRNV
506923,Dolná Krupá,Trnava,Trnavský,33,TRNV
506931,Dolné Dubové,Trnava,Trnavský,33,TRNV
556661,Dolné Lovčice,Trnava,Trnavský,33,TRNV
506940,Dolné Orešany,Trnava,Trnavský,33,TRNV
506958,Dolné Otrokovce,Hlohovec,Trnavský,33,TRNV
506966,Dolné Trhovište,Hlohovec,Trnavský,33,TRNV
556521,Dolné Zelenice,Hlohovec,Trnavský,33,TRNV
506982,Dolný Lopašov,Piešťany,Trnavský,33,TRNV
506991,Drahovce,Piešťany,Trnavský,33,TRNV
507881,Dubová,Pezinok,Bratislavský,33,TRNV
507008,Dubovany,Piešťany,Trnavský,33,TRNV
558338,Ducové,Piešťany,Trnavský,33,TRNV
507024,Dvorníky,Hlohovec,Trnavský,33,TRNV
507032,Hlohovec,Hlohovec,Trnavský,33,TRNV
507041,Horná Krupá,Trnava,Trnavský,33,TRNV
507059,Horné Dubové,Trnava,Trnavský,33,TRNV
507067,Horné Orešany,Trnava,Trnavský,33,TRNV
507075,Horné Otrokovce,Hlohovec,Trnavský,33,TRNV
556602,Horné Trhovište,Hlohovec,Trnavský,33,TRNV
556530,Horné Zelenice,Hlohovec,Trnavský,33,TRNV
581020,Hrnčiarovce nad Parnou,Trnava,Trnavský,33,TRNV
556581,Hubina,Piešťany,Trnavský,33,TRNV
507121,Chtelnica,Piešťany,Trnavský,33,TRNV
555487,Igram,Senec,Bratislavský,33,TRNV
507946,Jablonec,Pezinok,Bratislavský,33,TRNV
507130,Jalšové,Hlohovec,Trnavský,33,TRNV
507156,Jaslovské Bohunice,Trnava,Trnavský,33,TRNV
555495,Kaplna,Senec,Bratislavský,33,TRNV
507164,Kátlovce,Trnava,Trnavský,33,TRNV
507172,Kľačany,Hlohovec,Trnavský,33,TRNV
507199,Kočín - Lančár,Piešťany,Trnavský,33,TRNV
507202,Koplotovce,Hlohovec,Trnavský,33,TRNV
507211,Košolná,Trnava,Trnavský,33,TRNV
507229,Krakovany,Piešťany,Trnavský,33,TRNV
556483,Križovany nad Dudváhom,Trnava,Trnavský,33,TRNV
507253,Leopoldov,Hlohovec,Trnavský,33,TRNV
508047,Limbach,Pezinok,Bratislavský,33,TRNV
556688,Lošonec,Trnava,Trnavský,33,TRNV
506206,Lúka,Nové Mesto nad Váhom,Trenčiansky,33,TRNV
507288,Madunice,Hlohovec,Trnavský,33,TRNV
507296,Majcichov,Trnava,Trnavský,33,TRNV
507318,Malženice,Trnava,Trnavský,33,TRNV
507326,Merašice,Hlohovec,Trnavský,33,TRNV
508101,Modra,Pezinok,Bratislavský,33,TRNV
506249,Modrová,Nové Mesto nad Váhom,Trenčiansky,33,TRNV
506257,Modrovka,Nové Mesto nad Váhom,Trenčiansky,33,TRNV
507342,Moravany nad Váhom,Piešťany,Trnavský,33,TRNV
507351,Naháč,Trnava,Trnavský,33,TRNV
507369,Nižná,Piešťany,Trnavský,33,TRNV
506311,Nová Lehota,Nové Mesto nad Váhom,Trenčiansky,33,TRNV
556491,Opoj,Trnava,Trnavský,33,TRNV
507385,Ostrov,Piešťany,Trnavský,33,TRNV
507415,Pastuchov,Hlohovec,Trnavský,33,TRNV
556556,Pavlice,Trnava,Trnavský,33,TRNV
507431,Pečeňady,Piešťany,Trnavský,33,TRNV
508179,Pezinok,Pezinok,Bratislavský,33,TRNV
507440,Piešťany,Piešťany,Trnavský,33,TRNV
508187,Píla,Pezinok,Bratislavský,33,TRNV
507466,Prašník,Piešťany,Trnavský,33,TRNV
556653,Radošovce,Trnava,Trnavský,33,TRNV
507482,Rakovice,Piešťany,Trnavský,33,TRNV
518620,Ratkovce,Hlohovec,Trnavský,33,TRNV
507491,Ratnovce,Piešťany,Trnavský,33,TRNV
507512,Ružindol,Trnava,Trnavský,33,TRNV
507521,Sasinkovo,Hlohovec,Trnavský,33,TRNV
507539,Siladice,Hlohovec,Trnavský,33,TRNV
556564,Slovenská Nová Ves,Trnava,Trnavský,33,TRNV
508225,Slovenský Grob,Pezinok,Bratislavský,33,TRNV
507555,Smolenice,Trnava,Trnavský,33,TRNV
507563,Sokolovce,Piešťany,Trnavský,33,TRNV
506516,Stará Lehota,Nové Mesto nad Váhom,Trenčiansky,33,TRNV
507571,Suchá nad Parnou,Trnava,Trnavský,33,TRNV
556670,Šelpice,Trnava,Trnavský,33,TRNV
508250,Šenkvice,Pezinok,Bratislavský,33,TRNV
558397,Šípkové,Piešťany,Trnavský,33,TRNV
507601,Špačince,Trnava,Trnavský,33,TRNV
508268,Štefanová,Pezinok,Bratislavský,33,TRNV
556548,Šterusy,Piešťany,Trnavský,33,TRNV
507636,Šúrovce,Trnava,Trnavský,33,TRNV
556611,Tekolďany,Hlohovec,Trnavský,33,TRNV
556645,Tepličky,Hlohovec,Trnavský,33,TRNV
507661,Trakovice,Hlohovec,Trnavský,33,TRNV
507679,Trebatice,Piešťany,Trnavský,33,TRNV
506745,Trnava,Trnava,Trnavský,33,TRNV
507687,Trstín,Trnava,Trnavský,33,TRNV
507709,Veľké Kostoľany,Piešťany,Trnavský,33,TRNV
556572,Veľké Orvište,Piešťany,Trnavský,33,TRNV
507725,Veselé,Piešťany,Trnavský,33,TRNV
508306,Viničné,Pezinok,Bratislavský,33,TRNV
508314,Vinosady,Pezinok,Bratislavský,33,TRNV
508322,Vištuk,Pezinok,Bratislavský,33,TRNV
556513,Vlčkovce,Trnava,Trnavský,33,TRNV
507741,Voderady,Trnava,Trnavský,33,TRNV
507750,Vrbové,Piešťany,Trnavský,33,TRNV
507768,Zavar,Trnava,Trnavský,33,TRNV
507776,Zeleneč,Trnava,Trnavský,33,TRNV
581488,Zvončín,Trnava,Trnavský,33,TRNV
507792,Žlkovce,Hlohovec,Trnavský,33,TRNV
504211,Bílkove Humence,Senica,Trnavský,34,SENC
504238,Borský Mikuláš,Senica,Trnavský,34,SENC
504220,Borský Svätý Jur,Senica,Trnavský,34,SENC
504254,Brestovec,Myjava,Trenčiansky,34,SENC
504262,Brezová pod Bradlom,Myjava,Trenčiansky,34,SENC
504271,Brodské,Skalica,Trnavský,34,SENC
504289,Bukovec,Myjava,Trenčiansky,34,SENC
504297,Cerová,Senica,Trnavský,34,SENC
504319,Čáry,Senica,Trnavský,34,SENC
504327,Častkov,Senica,Trnavský,34,SENC
504335,Dojč,Senica,Trnavský,34,SENC
504343,Dubovce,Skalica,Trnavský,34,SENC
507890,Gajary,Malacky,Bratislavský,34,SENC
504351,Gbely,Skalica,Trnavský,34,SENC
504360,Hlboké,Senica,Trnavský,34,SENC
504378,Holíč,Skalica,Trnavský,34,SENC
504386,Hradište pod Vrátnom,Senica,Trnavský,34,SENC
504394,Chropov,Skalica,Trnavský,34,SENC
504408,Chvojnica,Myjava,Trenčiansky,34,SENC
504416,Jablonica,Senica,Trnavský,34,SENC
504424,Jablonka,Myjava,Trenčiansky,34,SENC
507954,Jablonové,Malacky,Bratislavský,34,SENC
507962,Jakubov,Malacky,Bratislavský,34,SENC
504432,Kátov,Skalica,Trnavský,34,SENC
504459,Kopčany,Skalica,Trnavský,34,SENC
508012,Kostolište,Malacky,Bratislavský,34,SENC
504467,Košariská,Myjava,Trenčiansky,34,SENC
504475,Koválov,Senica,Trnavský,34,SENC
504483,Koválovec,Skalica,Trnavský,34,SENC
508021,Kuchyňa,Malacky,Bratislavský,34,SENC
504491,Kuklov,Senica,Trnavský,34,SENC
504513,Kúty,Senica,Trnavský,34,SENC
508039,Láb,Malacky,Bratislavský,34,SENC
504521,Lakšárska Nová Ves,Senica,Trnavský,34,SENC
504530,Letničie,Skalica,Trnavský,34,SENC
504548,Lopašov,Skalica,Trnavský,34,SENC
508063,Malacky,Malacky,Bratislavský,34,SENC
504556,Malé Leváre,Malacky,Bratislavský,34,SENC
504564,Mokrý Háj,Skalica,Trnavský,34,SENC
504572,Moravský Svätý Ján,Senica,Trnavský,34,SENC
504581,Myjava,Myjava,Trenčiansky,34,SENC
504599,Oreské,Skalica,Trnavský,34,SENC
504602,Osuské,Senica,Trnavský,34,SENC
508161,Pernek,Malacky,Bratislavský,34,SENC
504611,Petrova Ves,Skalica,Trnavský,34,SENC
504629,Plavecké Podhradie,Malacky,Bratislavský,34,SENC
504637,Plavecký Mikuláš,Malacky,Bratislavský,34,SENC
504645,Plavecký Peter,Senica,Trnavský,34,SENC
508195,Plavecký Štvrtok,Malacky,Bratislavský,34,SENC
504653,Podbranč,Senica,Trnavský,34,SENC
504661,Polianka,Myjava,Trenčiansky,34,SENC
504670,Popudinské Močidľany,Skalica,Trnavský,34,SENC
504688,Poriadie,Myjava,Trenčiansky,34,SENC
504696,Priepasné,Myjava,Trenčiansky,34,SENC
504700,Prietrž,Senica,Trnavský,34,SENC
504718,Prietržka,Skalica,Trnavský,34,SENC
504726,Prievaly,Senica,Trnavský,34,SENC
504734,Radimov,Skalica,Trnavský,34,SENC
504742,Radošovce,Skalica,Trnavský,34,SENC
556122,Rohov,Senica,Trnavský,34,SENC
504769,Rohožník,Malacky,Bratislavský,34,SENC
504777,Rovensko,Senica,Trnavský,34,SENC
504793,Rudník,Myjava,Trenčiansky,34,SENC
556131,Rybky,Senica,Trnavský,34,SENC
556114,Sekule,Senica,Trnavský,34,SENC
504203,Senica,Senica,Trnavský,34,SENC
504815,Skalica,Skalica,Trnavský,34,SENC
504823,Smolinské,Senica,Trnavský,34,SENC
504831,Smrdáky,Senica,Trnavský,34,SENC
504840,Sobotište,Senica,Trnavský,34,SENC
504858,Sološnica,Malacky,Bratislavský,34,SENC
504866,Stará Myjava,Myjava,Trenčiansky,34,SENC
504874,Studienka,Malacky,Bratislavský,34,SENC
508241,Suchohrad,Malacky,Bratislavský,34,SENC
504882,Šajdíkove Humence,Senica,Trnavský,34,SENC
504891,Šaštín - Stráže,Senica,Trnavský,34,SENC
504904,Štefanov,Senica,Trnavský,34,SENC
504912,Trnovec,Skalica,Trnavský,34,SENC
504939,Unín,Skalica,Trnavský,34,SENC
504947,Veľké Leváre,Malacky,Bratislavský,34,SENC
504963,Vrádište,Skalica,Trnavský,34,SENC
504971,Vrbovce,Myjava,Trenčiansky,34,SENC
500267,Záhorie (vojenský obvod),Malacky,Bratislavský,34,SENC
508365,Záhorská Ves,Malacky,Bratislavský,34,SENC
504980,Závod,Malacky,Bratislavský,34,SENC
503029,Andovce,Nové Zámky,Nitriansky,35,NZAM
501034,Bajč,Komárno,Nitriansky,35,NZAM
503045,Bánov,Nové Zámky,Nitriansky,35,NZAM
503053,Bardoňovo,Nové Zámky,Nitriansky,35,NZAM
501395,Bátorove Kosihy,Komárno,Nitriansky,35,NZAM
503070,Bešeňov,Nové Zámky,Nitriansky,35,NZAM
501042,Bodza,Komárno,Nitriansky,35,NZAM
555819,Bodzianske Lúky,Komárno,Nitriansky,35,NZAM
503096,Branovo,Nové Zámky,Nitriansky,35,NZAM
501069,Brestovec,Komárno,Nitriansky,35,NZAM
501077,Búč,Komárno,Nitriansky,35,NZAM
501085,Čalovec,Komárno,Nitriansky,35,NZAM
503118,Čechy,Nové Zámky,Nitriansky,35,NZAM
503126,Černík,Nové Zámky,Nitriansky,35,NZAM
501093,Číčov,Komárno,Nitriansky,35,NZAM
501107,Dedina Mládeže,Komárno,Nitriansky,35,NZAM
503134,Dedinka,Nové Zámky,Nitriansky,35,NZAM
503151,Dolný Ohaj,Nové Zámky,Nitriansky,35,NZAM
503169,Dubník,Nové Zámky,Nitriansky,35,NZAM
501123,Dulovce,Komárno,Nitriansky,35,NZAM
503177,Dvory nad Žitavou,Nové Zámky,Nitriansky,35,NZAM
580911,Holiare,Komárno,Nitriansky,35,NZAM
503193,Hul,Nové Zámky,Nitriansky,35,NZAM
501140,Hurbanovo,Komárno,Nitriansky,35,NZAM
501158,Chotín,Komárno,Nitriansky,35,NZAM
501166,Imeľ,Komárno,Nitriansky,35,NZAM
501174,Iža,Komárno,Nitriansky,35,NZAM
503215,Jasová,Nové Zámky,Nitriansky,35,NZAM
503223,Jatov,Nové Zámky,Nitriansky,35,NZAM
501182,Kameničná,Komárno,Nitriansky,35,NZAM
501191,Klížska Nemá,Komárno,Nitriansky,35,NZAM
503266,Kmeťovo,Nové Zámky,Nitriansky,35,NZAM
501204,Kolárovo,Komárno,Nitriansky,35,NZAM
503274,Kolta,Nové Zámky,Nitriansky,35,NZAM
501026,Komárno,Komárno,Nitriansky,35,NZAM
503282,Komjatice,Nové Zámky,Nitriansky,35,NZAM
503291,Komoča,Nové Zámky,Nitriansky,35,NZAM
501212,Kravany nad Dunajom,Komárno,Nitriansky,35,NZAM
503321,Lipová,Nové Zámky,Nitriansky,35,NZAM
501221,Lipové,Komárno,Nitriansky,35,NZAM
503363,Maňa,Nové Zámky,Nitriansky,35,NZAM
501239,Marcelová,Komárno,Nitriansky,35,NZAM
501247,Martovce,Komárno,Nitriansky,35,NZAM
503371,Michal nad Žitavou,Nové Zámky,Nitriansky,35,NZAM
501255,Moča,Komárno,Nitriansky,35,NZAM
501263,Modrany,Komárno,Nitriansky,35,NZAM
503398,Mojzesovo,Nové Zámky,Nitriansky,35,NZAM
501271,Mudroňovo,Komárno,Nitriansky,35,NZAM
501280,Nesvady,Komárno,Nitriansky,35,NZAM
503011,Nové Zámky,Nové Zámky,Nitriansky,35,NZAM
501301,Okoličná na Ostrove,Komárno,Nitriansky,35,NZAM
503452,Palárikovo,Nové Zámky,Nitriansky,35,NZAM
501310,Patince,Komárno,Nitriansky,35,NZAM
503479,Podhájska,Nové Zámky,Nitriansky,35,NZAM
503487,Pozba,Nové Zámky,Nitriansky,35,NZAM
501328,Pribeta,Komárno,Nitriansky,35,NZAM
503495,Radava,Nové Zámky,Nitriansky,35,NZAM
501336,Radvaň nad Dunajom,Komárno,Nitriansky,35,NZAM
503509,Rastislavice,Nové Zámky,Nitriansky,35,NZAM
503517,Rúbaň,Nové Zámky,Nitriansky,35,NZAM
503533,Semerovo,Nové Zámky,Nitriansky,35,NZAM
501344,Sokolce,Komárno,Nitriansky,35,NZAM
503550,Strekov,Nové Zámky,Nitriansky,35,NZAM
501115,Svätý Peter,Komárno,Nitriansky,35,NZAM
501352,Šrobárová,Komárno,Nitriansky,35,NZAM
503592,Šurany,Nové Zámky,Nitriansky,35,NZAM
501361,Tôň,Komárno,Nitriansky,35,NZAM
503606,Trávnica,Nové Zámky,Nitriansky,35,NZAM
501379,Trávnik,Komárno,Nitriansky,35,NZAM
503614,Tvrdošovce,Nové Zámky,Nitriansky,35,NZAM
556050,Úľany nad Žitavou,Nové Zámky,Nitriansky,35,NZAM
501387,Veľké Kosihy,Komárno,Nitriansky,35,NZAM
503631,Veľké Lovce,Nové Zámky,Nitriansky,35,NZAM
503380,Veľký Kýr,Nové Zámky,Nitriansky,35,NZAM
555827,Virt,Komárno,Nitriansky,35,NZAM
556025,Vlkas,Nové Zámky,Nitriansky,35,NZAM
501409,Vrbová nad Váhom,Komárno,Nitriansky,35,NZAM
501417,Zemianska Olča,Komárno,Nitriansky,35,NZAM
503649,Zemné,Nové Zámky,Nitriansky,35,NZAM
501425,Zlatná na Ostrove,Komárno,Nitriansky,35,NZAM
502049,Bajka,Levice,Nitriansky,36,LECE
503037,Bajtava,Nové Zámky,Nitriansky,36,LECE
502057,Bátovce,Levice,Nitriansky,36,LECE
503061,Belá,Nové Zámky,Nitriansky,36,LECE
502065,Beša,Levice,Nitriansky,36,LECE
502073,Bielovce,Levice,Nitriansky,36,LECE
503088,Bíňa,Nové Zámky,Nitriansky,36,LECE
580937,Bohunice,Levice,Nitriansky,36,LECE
502090,Bory,Levice,Nitriansky,36,LECE
502103,Brhlovce,Levice,Nitriansky,36,LECE
503100,Bruty,Nové Zámky,Nitriansky,36,LECE
502111,Čajkov,Levice,Nitriansky,36,LECE
502120,Čaka,Levice,Nitriansky,36,LECE
555843,Čata,Levice,Nitriansky,36,LECE
502154,Demandice,Levice,Nitriansky,36,LECE
502162,Devičany,Levice,Nitriansky,36,LECE
502171,Dolná Seč,Levice,Nitriansky,36,LECE
502189,Dolné Semerovce,Levice,Nitriansky,36,LECE
502197,Dolný Pial,Levice,Nitriansky,36,LECE
502201,Domadice,Levice,Nitriansky,36,LECE
502219,Drženice,Levice,Nitriansky,36,LECE
502227,Farná,Levice,Nitriansky,36,LECE
503185,Gbelce,Nové Zámky,Nitriansky,36,LECE
502243,Hokovce,Levice,Nitriansky,36,LECE
502251,Hontianska Vrbica,Levice,Nitriansky,36,LECE
545350,Hontianske Trsťany,Levice,Nitriansky,36,LECE
502260,Horná Seč,Levice,Nitriansky,36,LECE
502278,Horné Semerovce,Levice,Nitriansky,36,LECE
502286,Horné Turovce,Levice,Nitriansky,36,LECE
502294,Horný Pial,Levice,Nitriansky,36,LECE
581895,Hrkovce,Levice,Nitriansky,36,LECE
502324,Hronovce,Levice,Nitriansky,36,LECE
502332,Hronské Kľačany,Levice,Nitriansky,36,LECE
502341,Hronské Kosihy,Levice,Nitriansky,36,LECE
503207,Chľaba,Nové Zámky,Nitriansky,36,LECE
502359,Iňa,Levice,Nitriansky,36,LECE
502367,Ipeľské Úľany,Levice,Nitriansky,36,LECE
502375,Ipeľský Sokolec,Levice,Nitriansky,36,LECE
502383,Jabloňovce,Levice,Nitriansky,36,LECE
556777,Jesenské,Levice,Nitriansky,36,LECE
502391,Jur nad Hronom,Levice,Nitriansky,36,LECE
502413,Kalná nad Hronom,Levice,Nitriansky,36,LECE
503231,Kamenica nad Hronom,Nové Zámky,Nitriansky,36,LECE
503240,Kamenín,Nové Zámky,Nitriansky,36,LECE
503258,Kamenný Most,Nové Zámky,Nitriansky,36,LECE
502472,Keť,Levice,Nitriansky,36,LECE
502421,Kozárovce,Levice,Nitriansky,36,LECE
502430,Krškany,Levice,Nitriansky,36,LECE
502448,Kubáňovo,Levice,Nitriansky,36,LECE
502456,Kukučínov,Levice,Nitriansky,36,LECE
502464,Kuraľany,Levice,Nitriansky,36,LECE
503312,Leľa,Nové Zámky,Nitriansky,36,LECE
502031,Levice,Levice,Nitriansky,36,LECE
502481,Lok,Levice,Nitriansky,36,LECE
502499,Lontov,Levice,Nitriansky,36,LECE
503339,Ľubá,Nové Zámky,Nitriansky,36,LECE
502502,Lula,Levice,Nitriansky,36,LECE
503347,Malá nad Hronom,Nové Zámky,Nitriansky,36,LECE
502511,Málaš,Levice,Nitriansky,36,LECE
503355,Malé Kosihy,Nové Zámky,Nitriansky,36,LECE
581135,Malé Kozmálovce,Levice,Nitriansky,36,LECE
502537,Malé Ludince,Levice,Nitriansky,36,LECE
503401,Mužla,Nové Zámky,Nitriansky,36,LECE
502570,Mýtne Ludany,Levice,Nitriansky,36,LECE
556092,Nána,Nové Zámky,Nitriansky,36,LECE
502588,Nová Dedina,Levice,Nitriansky,36,LECE
503436,Nová Vieska,Nové Zámky,Nitriansky,36,LECE
502596,Nový Tekov,Levice,Nitriansky,36,LECE
502600,Nýrovce,Levice,Nitriansky,36,LECE
582361,Obid,Nové Zámky,Nitriansky,36,LECE
502618,Ondrejovce,Levice,Nitriansky,36,LECE
502626,Pastovce,Levice,Nitriansky,36,LECE
556033,Pavlová,Nové Zámky,Nitriansky,36,LECE
502634,Pečenice,Levice,Nitriansky,36,LECE
502642,Plášťovce,Levice,Nitriansky,36,LECE
502651,Plavé Vozokany,Levice,Nitriansky,36,LECE
502669,Podlužany,Levice,Nitriansky,36,LECE
502677,Pohronský Ruskov,Levice,Nitriansky,36,LECE
502693,Pukanec,Levice,Nitriansky,36,LECE
502707,Rybník,Levice,Nitriansky,36,LECE
503525,Salka,Nové Zámky,Nitriansky,36,LECE
502715,Santovka,Levice,Nitriansky,36,LECE
502723,Sazdice,Levice,Nitriansky,36,LECE
502731,Sikenica,Levice,Nitriansky,36,LECE
503541,Sikenička,Nové Zámky,Nitriansky,36,LECE
502740,Slatina,Levice,Nitriansky,36,LECE
502758,Starý Hrádok,Levice,Nitriansky,36,LECE
502766,Starý Tekov,Levice,Nitriansky,36,LECE
503568,Svodín,Nové Zámky,Nitriansky,36,LECE
502782,Šahy,Levice,Nitriansky,36,LECE
502791,Šalov,Levice,Nitriansky,36,LECE
503576,Šarkan,Nové Zámky,Nitriansky,36,LECE
502804,Šarovce,Levice,Nitriansky,36,LECE
503584,Štúrovo,Nové Zámky,Nitriansky,36,LECE
502812,Tehla,Levice,Nitriansky,36,LECE
502821,Tekovské Lužany,Levice,Nitriansky,36,LECE
502847,Tekovský Hrádok,Levice,Nitriansky,36,LECE
502863,Tlmače,Levice,Nitriansky,36,LECE
502871,Tupá,Levice,Nitriansky,36,LECE
502880,Turá,Levice,Nitriansky,36,LECE
502898,Uhliská,Levice,Nitriansky,36,LECE
581160,Veľké Kozmálovce,Levice,Nitriansky,36,LECE
502910,Veľké Ludince,Levice,Nitriansky,36,LECE
502928,Veľké Turovce,Levice,Nitriansky,36,LECE
502936,Veľký Ďur,Levice,Nitriansky,36,LECE
502944,Vyškovce nad Ipľom,Levice,Nitriansky,36,LECE
502952,Vyšné nad Hronom,Levice,Nitriansky,36,LECE
502961,Zalaba,Levice,Nitriansky,36,LECE
502979,Zbrojníky,Levice,Nitriansky,36,LECE
502987,Želiezovce,Levice,Nitriansky,36,LECE
502995,Žemberovce,Levice,Nitriansky,36,LECE
503002,Žemliare,Levice,Nitriansky,36,LECE
500020,Alekšince,Nitra,Nitriansky,37,NI
500046,Báb,Nitra,Nitriansky,37,NI
581623,Babindol,Nitra,Nitriansky,37,NI
500062,Beladice,Zlaté Moravce,Nitriansky,37,NI
500071,Branč,Nitra,Nitriansky,37,NI
545589,Cabaj - Čápor,Nitra,Nitriansky,37,NI
582387,Čab,Nitra,Nitriansky,37,NI
500101,Čakajovce,Nitra,Nitriansky,37,NI
500127,Čaradice,Zlaté Moravce,Nitriansky,37,NI
555886,Čechynce,Nitra,Nitriansky,37,NI
500135,Čeľadice,Nitra,Nitriansky,37,NI
555916,Červený Hrádok,Zlaté Moravce,Nitriansky,37,NI
500151,Čierne Kľačany,Zlaté Moravce,Nitriansky,37,NI
500160,Čifáre,Nitra,Nitriansky,37,NI
500194,Dolné Obdokovce,Nitra,Nitriansky,37,NI
500232,Golianovo,Nitra,Nitriansky,37,NI
500241,Hájske,Šaľa,Nitriansky,37,NI
555878,Horná Kráľová,Šaľa,Nitriansky,37,NI
500283,Hostie,Zlaté Moravce,Nitriansky,37,NI
555959,Hosťová,Nitra,Nitriansky,37,NI
500305,Hosťovce,Zlaté Moravce,Nitriansky,37,NI
500313,Hruboňovo,Nitra,Nitriansky,37,NI
500321,Choča,Zlaté Moravce,Nitriansky,37,NI
558320,Ivanka pri Nitre,Nitra,Nitriansky,37,NI
500356,Jarok,Nitra,Nitriansky,37,NI
500364,Jedľové Kostoľany,Zlaté Moravce,Nitriansky,37,NI
500372,Jelenec,Nitra,Nitriansky,37,NI
500381,Jelšovce,Nitra,Nitriansky,37,NI
500399,Kapince,Nitra,Nitriansky,37,NI
500402,Klasov,Nitra,Nitriansky,37,NI
500411,Kolíňany,Nitra,Nitriansky,37,NI
500429,Kostoľany pod Tribečom,Zlaté Moravce,Nitriansky,37,NI
581704,Kuzmice,Topoľčany,Nitriansky,37,NI
500437,Ladice,Zlaté Moravce,Nitriansky,37,NI
545635,Lefantovce,Nitra,Nitriansky,37,NI
500453,Lehota,Nitra,Nitriansky,37,NI
500461,Lovce,Zlaté Moravce,Nitriansky,37,NI
500470,Lúčnica nad Žitavou,Nitra,Nitriansky,37,NI
581097,Ľudovítová,Nitra,Nitriansky,37,NI
500488,Lukáčovce,Nitra,Nitriansky,37,NI
580899,Lužianky,Nitra,Nitriansky,37,NI
500500,Machulince,Zlaté Moravce,Nitriansky,37,NI
556785,Malé Chyndice,Nitra,Nitriansky,37,NI
555924,Malé Vozokany,Zlaté Moravce,Nitriansky,37,NI
500534,Malé Zálužie,Nitra,Nitriansky,37,NI
555908,Malý Cetín,Nitra,Nitriansky,37,NI
555851,Malý Lapáš,Nitra,Nitriansky,37,NI
500542,Mankovce,Zlaté Moravce,Nitriansky,37,NI
500551,Martin nad Žitavou,Zlaté Moravce,Nitriansky,37,NI
500569,Melek,Nitra,Nitriansky,37,NI
500739,Močenok,Šaľa,Nitriansky,37,NI
500577,Mojmírovce,Nitra,Nitriansky,37,NI
500585,Nemčiňany,Zlaté Moravce,Nitriansky,37,NI
500593,Neverice,Zlaté Moravce,Nitriansky,37,NI
500607,Nevidzany,Zlaté Moravce,Nitriansky,37,NI
500011,Nitra,Nitra,Nitriansky,37,NI
556696,Nitrianske Hrnčiarovce,Nitra,Nitriansky,37,NI
500631,Nová Ves nad Žitavou,Nitra,Nitriansky,37,NI
500640,Nové Sady,Nitra,Nitriansky,37,NI
500658,Obyce,Zlaté Moravce,Nitriansky,37,NI
500666,Paňa,Nitra,Nitriansky,37,NI
500674,Podhorany,Nitra,Nitriansky,37,NI
500682,Pohranice,Nitra,Nitriansky,37,NI
500691,Poľný Kesov,Nitra,Nitriansky,37,NI
500704,Rišňovce,Nitra,Nitriansky,37,NI
500712,Rumanová,Nitra,Nitriansky,37,NI
500721,Skýcov,Zlaté Moravce,Nitriansky,37,NI
500747,Sľažany,Zlaté Moravce,Nitriansky,37,NI
500755,Slepčany,Zlaté Moravce,Nitriansky,37,NI
555991,Svätoplukovo,Nitra,Nitriansky,37,NI
581691,Štefanovičová,Nitra,Nitriansky,37,NI
500780,Šurianky,Nitra,Nitriansky,37,NI
500798,Tajná,Nitra,Nitriansky,37,NI
555967,Telince,Nitra,Nitriansky,37,NI
500810,Tesárske Mlyňany,Zlaté Moravce,Nitriansky,37,NI
500828,Topoľčianky,Zlaté Moravce,Nitriansky,37,NI
500836,Velčice,Zlaté Moravce,Nitriansky,37,NI
500844,Veľká Dolina,Nitra,Nitriansky,37,NI
500518,Veľké Chyndice,Nitra,Nitriansky,37,NI
555932,Veľké Vozokany,Zlaté Moravce,Nitriansky,37,NI
500887,Veľké Zálužie,Nitra,Nitriansky,37,NI
500895,Veľký Cetín,Nitra,Nitriansky,37,NI
555860,Veľký Lapáš,Nitra,Nitriansky,37,NI
500909,Vieska nad Žitavou,Zlaté Moravce,Nitriansky,37,NI
500917,Vinodol,Nitra,Nitriansky,37,NI
500925,Volkovce,Zlaté Moravce,Nitriansky,37,NI
500933,Vráble,Nitra,Nitriansky,37,NI
500941,Výčapy - Opatovce,Nitra,Nitriansky,37,NI
500950,Zbehy,Nitra,Nitriansky,37,NI
500968,Zlaté Moravce,Zlaté Moravce,Nitriansky,37,NI
500976,Zlatno,Zlaté Moravce,Nitriansky,37,NI
500984,Žikava,Zlaté Moravce,Nitriansky,37,NI
500992,Žirany,Nitra,Nitriansky,37,NI
501018,Žitavce,Nitra,Nitriansky,37,NI
556220,Ardanovce,Topoľčany,Nitriansky,38,TOPL
542652,Bánovce nad Bebravou,Bánovce nad Bebravou,Trenčiansky,38,TOPL
542661,Belince,Topoľčany,Nitriansky,38,TOPL
542695,Biskupová,Topoľčany,Nitriansky,38,TOPL
542709,Blesovce,Topoľčany,Nitriansky,38,TOPL
542717,Bojná,Topoľčany,Nitriansky,38,TOPL
556793,Borčany,Bánovce nad Bebravou,Trenčiansky,38,TOPL
542733,Bošany,Partizánske,Trenčiansky,38,TOPL
542741,Brezolupy,Bánovce nad Bebravou,Trenčiansky,38,TOPL
580449,Brodzany,Partizánske,Trenčiansky,38,TOPL
542776,Cimenná,Bánovce nad Bebravou,Trenčiansky,38,TOPL
556297,Čeľadince,Topoľčany,Nitriansky,38,TOPL
542792,Čermany,Topoľčany,Nitriansky,38,TOPL
542806,Čierna Lehota,Bánovce nad Bebravou,Trenčiansky,38,TOPL
542822,Dežerice,Bánovce nad Bebravou,Trenčiansky,38,TOPL
542849,Dolné Naštice,Bánovce nad Bebravou,Trenčiansky,38,TOPL
542857,Dubnička,Bánovce nad Bebravou,Trenčiansky,38,TOPL
556262,Dvorany nad Nitrou,Topoľčany,Nitriansky,38,TOPL
542873,Dvorec,Bánovce nad Bebravou,Trenčiansky,38,TOPL
542881,Hajná Nová Ves,Topoľčany,Nitriansky,38,TOPL
542890,Haláčovce,Bánovce nad Bebravou,Trenčiansky,38,TOPL
556351,Horné Chlebany,Topoľčany,Nitriansky,38,TOPL
542920,Horné Naštice,Bánovce nad Bebravou,Trenčiansky,38,TOPL
542938,Horné Obdokovce,Topoľčany,Nitriansky,38,TOPL
542954,Horné Štitáre,Topoľčany,Nitriansky,38,TOPL
542962,Hradište,Partizánske,Trenčiansky,38,TOPL
542971,Hrušovany,Topoľčany,Nitriansky,38,TOPL
556165,Chrabrany,Topoľčany,Nitriansky,38,TOPL
556408,Chudá Lehota,Bánovce nad Bebravou,Trenčiansky,38,TOPL
543004,Chynorany,Partizánske,Trenčiansky,38,TOPL
556157,Jacovce,Topoľčany,Nitriansky,38,TOPL
556416,Ješkova Ves,Partizánske,Trenčiansky,38,TOPL
543039,Kamanová,Topoľčany,Nitriansky,38,TOPL
543047,Klátova Nová Ves,Partizánske,Trenčiansky,38,TOPL
543055,Kolačno,Partizánske,Trenčiansky,38,TOPL
543063,Koniarovce,Topoľčany,Nitriansky,38,TOPL
543071,Kovarce,Topoľčany,Nitriansky,38,TOPL
543080,Krásna Ves,Bánovce nad Bebravou,Trenčiansky,38,TOPL
556246,Krásno,Partizánske,Trenčiansky,38,TOPL
543101,Krnča,Topoľčany,Nitriansky,38,TOPL
543110,Krtovce,Topoľčany,Nitriansky,38,TOPL
556149,Krušovce,Topoľčany,Nitriansky,38,TOPL
543136,Kšinná,Bánovce nad Bebravou,Trenčiansky,38,TOPL
556360,Libichava,Bánovce nad Bebravou,Trenčiansky,38,TOPL
505021,Lipovník,Topoľčany,Nitriansky,38,TOPL
556173,Livina,Partizánske,Trenčiansky,38,TOPL
556190,Livinské Opatovce,Partizánske,Trenčiansky,38,TOPL
505048,Ludanice,Topoľčany,Nitriansky,38,TOPL
505056,Ľutov,Bánovce nad Bebravou,Trenčiansky,38,TOPL
505064,Lužany,Topoľčany,Nitriansky,38,TOPL
505072,Malá Hradná,Bánovce nad Bebravou,Trenčiansky,38,TOPL
505102,Malé Hoste,Bánovce nad Bebravou,Trenčiansky,38,TOPL
505129,Malé Kršteňany,Partizánske,Trenčiansky,38,TOPL
505137,Malé Ripňany,Topoľčany,Nitriansky,38,TOPL
580953,Malé Uherce,Partizánske,Trenčiansky,38,TOPL
505153,Miezgovce,Bánovce nad Bebravou,Trenčiansky,38,TOPL
505170,Nadlice,Partizánske,Trenčiansky,38,TOPL
505196,Nedanovce,Partizánske,Trenčiansky,38,TOPL
505200,Nedašovce,Bánovce nad Bebravou,Trenčiansky,38,TOPL
581305,Nemčice,Topoľčany,Nitriansky,38,TOPL
505226,Nemečky,Topoľčany,Nitriansky,38,TOPL
505234,Nitrianska Blatnica,Topoľčany,Nitriansky,38,TOPL
505242,Nitrianska Streda,Topoľčany,Nitriansky,38,TOPL
505251,Norovce,Topoľčany,Nitriansky,38,TOPL
505277,Omastiná,Bánovce nad Bebravou,Trenčiansky,38,TOPL
505285,Oponice,Topoľčany,Nitriansky,38,TOPL
556211,Orešany,Topoľčany,Nitriansky,38,TOPL
505307,Ostratice,Partizánske,Trenčiansky,38,TOPL
556289,Otrhánky,Bánovce nad Bebravou,Trenčiansky,38,TOPL
505315,Partizánske,Partizánske,Trenčiansky,38,TOPL
505323,Pažiť,Partizánske,Trenčiansky,38,TOPL
505331,Pečeňany,Bánovce nad Bebravou,Trenčiansky,38,TOPL
505340,Podhradie,Topoľčany,Nitriansky,38,TOPL
505358,Podlužany,Bánovce nad Bebravou,Trenčiansky,38,TOPL
556742,Pochabany,Bánovce nad Bebravou,Trenčiansky,38,TOPL
505374,Prašice,Topoľčany,Nitriansky,38,TOPL
505382,Pravotice,Bánovce nad Bebravou,Trenčiansky,38,TOPL
581658,Práznovce,Topoľčany,Nitriansky,38,TOPL
505404,Preseľany,Topoľčany,Nitriansky,38,TOPL
505412,Prusy,Bánovce nad Bebravou,Trenčiansky,38,TOPL
505421,Radošina,Topoľčany,Nitriansky,38,TOPL
505439,Rajčany,Topoľčany,Nitriansky,38,TOPL
505447,Ruskovce,Bánovce nad Bebravou,Trenčiansky,38,TOPL
505455,Rybany,Bánovce nad Bebravou,Trenčiansky,38,TOPL
505463,Skačany,Partizánske,Trenčiansky,38,TOPL
505471,Slatina nad Bebravou,Bánovce nad Bebravou,Trenčiansky,38,TOPL
505480,Slatinka nad Bebravou,Bánovce nad Bebravou,Trenčiansky,38,TOPL
505498,Solčany,Topoľčany,Nitriansky,38,TOPL
556327,Solčianky,Topoľčany,Nitriansky,38,TOPL
505510,Súlovce,Topoľčany,Nitriansky,38,TOPL
556238,Svrbice,Topoľčany,Nitriansky,38,TOPL
505536,Šalgovce,Topoľčany,Nitriansky,38,TOPL
505544,Šípkov,Bánovce nad Bebravou,Trenčiansky,38,TOPL
505552,Šišov,Bánovce nad Bebravou,Trenčiansky,38,TOPL
505561,Tesáre,Topoľčany,Nitriansky,38,TOPL
505579,Timoradza,Bánovce nad Bebravou,Trenčiansky,38,TOPL
504998,Topoľčany,Topoľčany,Nitriansky,38,TOPL
580457,Tovarníky,Topoľčany,Nitriansky,38,TOPL
505595,Trebichava,Bánovce nad Bebravou,Trenčiansky,38,TOPL
556271,Turčianky,Partizánske,Trenčiansky,38,TOPL
505617,Tvrdomestice,Topoľčany,Nitriansky,38,TOPL
505625,Uhrovec,Bánovce nad Bebravou,Trenčiansky,38,TOPL
505633,Uhrovské Podhradie,Bánovce nad Bebravou,Trenčiansky,38,TOPL
505641,Urmince,Topoľčany,Nitriansky,38,TOPL
545651,Veľké Držkovce,Bánovce nad Bebravou,Trenčiansky,38,TOPL
505676,Veľké Dvorany,Topoľčany,Nitriansky,38,TOPL
505684,Veľké Hoste,Bánovce nad Bebravou,Trenčiansky,38,TOPL
505692,Veľké Chlievany,Bánovce nad Bebravou,Trenčiansky,38,TOPL
505706,Veľké Kršteňany,Partizánske,Trenčiansky,38,TOPL
505714,Veľké Ripňany,Topoľčany,Nitriansky,38,TOPL
505722,Veľké Uherce,Partizánske,Trenčiansky,38,TOPL
505731,Veľký Klíž,Partizánske,Trenčiansky,38,TOPL
505749,Velušovce,Topoľčany,Nitriansky,38,TOPL
505757,Vozokany,Topoľčany,Nitriansky,38,TOPL
505765,Vysočany,Bánovce nad Bebravou,Trenčiansky,38,TOPL
505773,Závada,Topoľčany,Nitriansky,38,TOPL
505790,Zlatníky,Bánovce nad Bebravou,Trenčiansky,38,TOPL
505803,Žabokreky nad Nitrou,Partizánske,Trenčiansky,38,TOPL
505811,Žitná - Radiša,Bánovce nad Bebravou,Trenčiansky,38,TOPL
517429,Belá,Žilina,Žilinský,41,ZA
547522,Bitarová,Žilina,Žilinský,41,ZA
547557,Brezany,Žilina,Žilinský,41,ZA
517461,Bytča,Bytča,Žilinský,41,ZA
509132,Čadca,Čadca,Žilinský,41,ZA
517470,Čičmany,Žilina,Žilinský,41,ZA
509159,Čierne,Čadca,Žilinský,41,ZA
517488,Divina,Žilina,Žilinský,41,ZA
517496,Divinka,Žilina,Žilinský,41,ZA
509167,Dlhá nad Kysucou,Čadca,Žilinský,41,ZA
517500,Dlhé Pole,Žilina,Žilinský,41,ZA
517518,Dolná Tižina,Žilina,Žilinský,41,ZA
517526,Dolný Hričov,Žilina,Žilinský,41,ZA
509175,Dolný Vadičov,Kysucké Nové Mesto,Žilinský,41,ZA
509183,Dunajov,Čadca,Žilinský,41,ZA
557986,Ďurčiná,Žilina,Žilinský,41,ZA
517542,Fačkov,Žilina,Žilinský,41,ZA
517551,Gbeľany,Žilina,Žilinský,41,ZA
581984,Hlboké nad Váhom,Bytča,Žilinský,41,ZA
517593,Horný Hričov,Žilina,Žilinský,41,ZA
509205,Horný Vadičov,Kysucké Nové Mesto,Žilinský,41,ZA
517577,Hôrky,Žilina,Žilinský,41,ZA
547590,Hričovské Podhradie,Žilina,Žilinský,41,ZA
517623,Hvozdnica,Bytča,Žilinský,41,ZA
517631,Jablonové,Bytča,Žilinský,41,ZA
517640,Jasenové,Žilina,Žilinský,41,ZA
517658,Kamenná Poruba,Žilina,Žilinský,41,ZA
557994,Kľače,Žilina,Žilinský,41,ZA
509213,Klokočov,Čadca,Žilinský,41,ZA
509221,Klubina,Čadca,Žilinský,41,ZA
517674,Kolárovice,Bytča,Žilinský,41,ZA
517682,Konská,Žilina,Žilinský,41,ZA
509230,Korňa,Čadca,Žilinský,41,ZA
517691,Kotešová,Bytča,Žilinský,41,ZA
517704,Kotrčiná Lúčka,Žilina,Žilinský,41,ZA
517712,Krasňany,Žilina,Žilinský,41,ZA
509248,Krásno nad Kysucou,Čadca,Žilinský,41,ZA
517721,Kunerad,Žilina,Žilinský,41,ZA
509256,Kysucké Nové Mesto,Kysucké Nové Mesto,Žilinský,41,ZA
509264,Kysucký Lieskovec,Kysucké Nové Mesto,Žilinský,41,ZA
517739,Lietava,Žilina,Žilinský,41,ZA
557935,Lietavská Lúčka,Žilina,Žilinský,41,ZA
517755,Lietavská Svinná - Babkov,Žilina,Žilinský,41,ZA
509272,Lodno,Kysucké Nové Mesto,Žilinský,41,ZA
509281,Lopušné Pažite,Kysucké Nové Mesto,Žilinský,41,ZA
517763,Lutiše,Žilina,Žilinský,41,ZA
517771,Lysica,Žilina,Žilinský,41,ZA
509299,Makov,Čadca,Žilinský,41,ZA
517780,Malá Čierna,Žilina,Žilinský,41,ZA
517798,Maršová ,Bytča,Žilinský,41,ZA
517798,Maršová - Rašov,Bytča,Žilinský,41,ZA
517801,Mojš,Žilina,Žilinský,41,ZA
517828,Nededza,Žilina,Žilinský,41,ZA
509302,Nesluša,Kysucké Nové Mesto,Žilinský,41,ZA
558168,Nezbudská Lúčka,Žilina,Žilinský,41,ZA
509311,Nová Bystrica,Čadca,Žilinský,41,ZA
509329,Ochodnica,Kysucké Nové Mesto,Žilinský,41,ZA
509337,Olešná,Čadca,Žilinský,41,ZA
509345,Oščadnica,Čadca,Žilinský,41,ZA
547611,Ovčiarsko,Žilina,Žilinský,41,ZA
547620,Paština Závada,Žilina,Žilinský,41,ZA
517861,Petrovice,Bytča,Žilinský,41,ZA
517879,Podhorie,Žilina,Žilinský,41,ZA
509361,Podvysoká,Čadca,Žilinský,41,ZA
557960,Porúbka,Žilina,Žilinský,41,ZA
509370,Povina,Kysucké Nové Mesto,Žilinský,41,ZA
517895,Predmier,Bytča,Žilinský,41,ZA
580791,Radoľa,Kysucké Nové Mesto,Žilinský,41,ZA
509396,Radôstka,Čadca,Žilinský,41,ZA
517917,Rajec,Žilina,Žilinský,41,ZA
517925,Rajecká Lesná,Žilina,Žilinský,41,ZA
517933,Rajecké Teplice,Žilina,Žilinský,41,ZA
509400,Raková,Čadca,Žilinský,41,ZA
517941,Rosina,Žilina,Žilinský,41,ZA
509426,Rudina,Kysucké Nové Mesto,Žilinský,41,ZA
509434,Rudinka,Kysucké Nové Mesto,Žilinský,41,ZA
509442,Rudinská,Kysucké Nové Mesto,Žilinský,41,ZA
509451,Skalité,Čadca,Žilinský,41,ZA
509469,Snežnica,Kysucké Nové Mesto,Žilinský,41,ZA
509477,Stará Bystrica,Čadca,Žilinský,41,ZA
509485,Staškov,Čadca,Žilinský,41,ZA
517950,Stráňavy,Žilina,Žilinský,41,ZA
517968,Stránske,Žilina,Žilinský,41,ZA
517976,Stráža,Žilina,Žilinský,41,ZA
517984,Strečno,Žilina,Žilinský,41,ZA
517992,Súľov - Hradná,Bytča,Žilinský,41,ZA
518000,Svederník,Žilina,Žilinský,41,ZA
509493,Svrčinovec,Čadca,Žilinský,41,ZA
518018,Štiavnik,Bytča,Žilinský,41,ZA
581712,Šuja,Žilina,Žilinský,41,ZA
518034,Teplička nad Váhom,Žilina,Žilinský,41,ZA
518042,Terchová,Žilina,Žilinský,41,ZA
518051,Turie,Žilina,Žilinský,41,ZA
509507,Turzovka,Čadca,Žilinský,41,ZA
518069,Varín,Žilina,Žilinský,41,ZA
518077,Veľká Čierna,Žilina,Žilinský,41,ZA
518085,Veľké Rovné,Bytča,Žilinský,41,ZA
518093,Višňové,Žilina,Žilinský,41,ZA
509515,Vysoká nad Kysucou,Čadca,Žilinský,41,ZA
509523,Zákopčie,Čadca,Žilinský,41,ZA
509531,Zborov nad Bystricou,Čadca,Žilinský,41,ZA
518131,Zbyňov,Žilina,Žilinský,41,ZA
517402,Žilina,Žilina,Žilinský,41,ZA
512851,Beluša,Púchov,Trenčiansky,42,POVB
557633,Bodiná,Považská Bystrica,Trenčiansky,42,POVB
582301,Bohunice,Ilava,Trenčiansky,42,POVB
512885,Bolešov,Ilava,Trenčiansky,42,POVB
557391,Borčice,Ilava,Trenčiansky,42,POVB
512915,Brvnište,Považská Bystrica,Trenčiansky,42,POVB
557561,Čelkova Lehota,Považská Bystrica,Trenčiansky,42,POVB
512931,Červený Kameň,Ilava,Trenčiansky,42,POVB
512940,Dohňany,Púchov,Trenčiansky,42,POVB
512958,Dolná Breznica,Púchov,Trenčiansky,42,POVB
512966,Dolná Mariková,Považská Bystrica,Trenčiansky,42,POVB
557439,Dolné Kočkovce,Púchov,Trenčiansky,42,POVB
546640,Dolný Lieskov,Považská Bystrica,Trenčiansky,42,POVB
513008,Domaniža,Považská Bystrica,Trenčiansky,42,POVB
513016,Dubnica nad Váhom,Ilava,Trenčiansky,42,POVB
513024,Dulov,Ilava,Trenčiansky,42,POVB
557609,Ďurďové,Považská Bystrica,Trenčiansky,42,POVB
557510,Hatné,Považská Bystrica,Trenčiansky,42,POVB
557692,Horná Breznica,Púchov,Trenčiansky,42,POVB
513083,Horná Mariková,Považská Bystrica,Trenčiansky,42,POVB
513091,Horná Poruba,Ilava,Trenčiansky,42,POVB
580856,Horný Lieskov,Považská Bystrica,Trenčiansky,42,POVB
513121,Horovce,Púchov,Trenčiansky,42,POVB
513156,Ilava,Ilava,Trenčiansky,42,POVB
513172,Jasenica,Považská Bystrica,Trenčiansky,42,POVB
557404,Kameničany,Ilava,Trenčiansky,42,POVB
557552,Klieština,Považská Bystrica,Trenčiansky,42,POVB
513245,Kostolec,Považská Bystrica,Trenčiansky,42,POVB
513253,Košeca,Ilava,Trenčiansky,42,POVB
513351,Košecké Podhradie,Ilava,Trenčiansky,42,POVB
557617,Krivoklát,Ilava,Trenčiansky,42,POVB
557501,Kvašov,Púchov,Trenčiansky,42,POVB
513296,Ladce,Ilava,Trenčiansky,42,POVB
513300,Lazy pod Makytou,Púchov,Trenčiansky,42,POVB
513318,Lednica,Púchov,Trenčiansky,42,POVB
513326,Lednické Rovne,Púchov,Trenčiansky,42,POVB
513334,Lúky,Púchov,Trenčiansky,42,POVB
513342,Lysá pod Makytou,Púchov,Trenčiansky,42,POVB
557579,Malé Lednice,Považská Bystrica,Trenčiansky,42,POVB
513377,Mestečko,Púchov,Trenčiansky,42,POVB
513385,Mikušovce,Ilava,Trenčiansky,42,POVB
513407,Mojtín,Púchov,Trenčiansky,42,POVB
557447,Nimnica,Púchov,Trenčiansky,42,POVB
513440,Nová Dubnica,Ilava,Trenčiansky,42,POVB
513466,Papradno,Považská Bystrica,Trenčiansky,42,POVB
513474,Plevník - Drienové,Považská Bystrica,Trenčiansky,42,POVB
558222,Počarová,Považská Bystrica,Trenčiansky,42,POVB
580864,Podskalie,Považská Bystrica,Trenčiansky,42,POVB
512842,Považská Bystrica,Považská Bystrica,Trenčiansky,42,POVB
513563,Prečín,Považská Bystrica,Trenčiansky,42,POVB
513598,Pruské,Ilava,Trenčiansky,42,POVB
513601,Pružina,Považská Bystrica,Trenčiansky,42,POVB
513610,Púchov,Púchov,Trenčiansky,42,POVB
557595,Sádočné,Považská Bystrica,Trenčiansky,42,POVB
557412,Sedmerovec,Ilava,Trenčiansky,42,POVB
557421,Slavnica,Ilava,Trenčiansky,42,POVB
557480,Slopná,Považská Bystrica,Trenčiansky,42,POVB
557471,Streženice,Púchov,Trenčiansky,42,POVB
513687,Stupné,Považská Bystrica,Trenčiansky,42,POVB
518913,Sverepec,Považská Bystrica,Trenčiansky,42,POVB
513725,Tuchyňa,Ilava,Trenčiansky,42,POVB
513741,Udiča,Považská Bystrica,Trenčiansky,42,POVB
513776,Visolaje,Púchov,Trenčiansky,42,POVB
513784,Vrchteplá,Považská Bystrica,Trenčiansky,42,POVB
557625,Vršatské Podhradie,Ilava,Trenčiansky,42,POVB
557498,Vydrná,Púchov,Trenčiansky,42,POVB
513814,Záriečie,Púchov,Trenčiansky,42,POVB
513822,Záskalie,Považská Bystrica,Trenčiansky,42,POVB
513865,Zliechov,Ilava,Trenčiansky,42,POVB
500348,Zubák,Púchov,Trenčiansky,42,POVB
512044,Abramová,Turčianske Teplice,Žilinský,43,MART
509558,Babín,Námestovo,Žilinský,43,MART
512052,Belá - Dulice,Martin,Žilinský,43,MART
509566,Beňadovo,Námestovo,Žilinský,43,MART
512061,Benice,Martin,Žilinský,43,MART
512079,Blatnica,Martin,Žilinský,43,MART
512087,Blažovce,Turčianske Teplice,Žilinský,43,MART
509582,Bobrov,Námestovo,Žilinský,43,MART
512095,Bodorová,Turčianske Teplice,Žilinský,43,MART
512109,Borcová,Turčianske Teplice,Žilinský,43,MART
509591,Breza,Námestovo,Žilinský,43,MART
509604,Brezovica,Tvrdošín,Žilinský,43,MART
512117,Brieštie,Turčianske Teplice,Žilinský,43,MART
512125,Budiš,Turčianske Teplice,Žilinský,43,MART
512133,Bystrička,Martin,Žilinský,43,MART
580813,Bziny,Dolný Kubín,Žilinský,43,MART
518719,Čimhová,Tvrdošín,Žilinský,43,MART
512141,Čremošné,Turčianske Teplice,Žilinský,43,MART
512150,Ďanová,Martin,Žilinský,43,MART
512168,Diaková,Martin,Žilinský,43,MART
509639,Dlhá nad Oravou,Dolný Kubín,Žilinský,43,MART
512206,Dolný Kalník,Martin,Žilinský,43,MART
509540,Dolný Kubín,Dolný Kubín,Žilinský,43,MART
512214,Dražkovce,Martin,Žilinský,43,MART
512222,Dubové,Turčianske Teplice,Žilinský,43,MART
512257,Folkušová,Martin,Žilinský,43,MART
509655,Habovka,Tvrdošín,Žilinský,43,MART
512265,Háj,Turčianske Teplice,Žilinský,43,MART
509663,Hladovka,Tvrdošín,Žilinský,43,MART
509671,Horná Lehota,Dolný Kubín,Žilinský,43,MART
512273,Horná Štubňa,Turčianske Teplice,Žilinský,43,MART
512290,Horný Kalník,Martin,Žilinský,43,MART
509680,Hruštín,Námestovo,Žilinský,43,MART
509698,Chlebnice,Dolný Kubín,Žilinský,43,MART
509701,Istebné,Dolný Kubín,Žilinský,43,MART
512303,Ivančiná,Turčianske Teplice,Žilinský,43,MART
509710,Jasenová,Dolný Kubín,Žilinský,43,MART
512311,Jasenovo,Turčianske Teplice,Žilinský,43,MART
512320,Jazernica,Turčianske Teplice,Žilinský,43,MART
512338,Kaľamenová,Turčianske Teplice,Žilinský,43,MART
512346,Karlová,Martin,Žilinský,43,MART
512354,Kláštor pod Znievom,Martin,Žilinský,43,MART
509728,Klin,Námestovo,Žilinský,43,MART
512371,Košťany nad Turcom,Martin,Žilinský,43,MART
509744,Kraľovany,Dolný Kubín,Žilinský,43,MART
509761,Krivá,Dolný Kubín,Žilinský,43,MART
512389,Krpeľany,Martin,Žilinský,43,MART
509779,Krušetnica,Námestovo,Žilinský,43,MART
512397,Laskár,Martin,Žilinský,43,MART
509787,Leštiny,Dolný Kubín,Žilinský,43,MART
512419,Ležiachov,Martin,Žilinský,43,MART
509795,Liesek,Tvrdošín,Žilinský,43,MART
512427,Liešno,Turčianske Teplice,Žilinský,43,MART
512435,Lipovec,Martin,Žilinský,43,MART
509809,Lokca,Námestovo,Žilinský,43,MART
509817,Lomná,Námestovo,Žilinský,43,MART
509825,Malatiná,Dolný Kubín,Žilinský,43,MART
512443,Malý Čepčín,Turčianske Teplice,Žilinský,43,MART
512036,Martin,Martin,Žilinský,43,MART
509833,Medzibrodie nad Oravou,Dolný Kubín,Žilinský,43,MART
512451,Moškovec,Turčianske Teplice,Žilinský,43,MART
512460,Mošovce,Turčianske Teplice,Žilinský,43,MART
509850,Mútne,Námestovo,Žilinský,43,MART
509868,Námestovo,Námestovo,Žilinský,43,MART
512478,Necpaly,Martin,Žilinský,43,MART
509876,Nižná,Tvrdošín,Žilinský,43,MART
512486,Nolčovo,Martin,Žilinský,43,MART
509884,Novoť,Námestovo,Žilinský,43,MART
512494,Ondrašová,Turčianske Teplice,Žilinský,43,MART
509892,Oravská Jasenica,Námestovo,Žilinský,43,MART
509906,Oravská Lesná,Námestovo,Žilinský,43,MART
509914,Oravská Polhora,Námestovo,Žilinský,43,MART
509922,Oravská Poruba,Dolný Kubín,Žilinský,43,MART
509931,Oravské Veselé,Námestovo,Žilinský,43,MART
509949,Oravský Biely Potok,Tvrdošín,Žilinský,43,MART
509957,Oravský Podzámok,Dolný Kubín,Žilinský,43,MART
509965,Osádka,Dolný Kubín,Žilinský,43,MART
509973,Párnica,Dolný Kubín,Žilinský,43,MART
509981,Podbiel,Tvrdošín,Žilinský,43,MART
512508,Podhradie,Martin,Žilinský,43,MART
509990,Pokryváč,Dolný Kubín,Žilinský,43,MART
510009,Pribiš,Dolný Kubín,Žilinský,43,MART
512524,Príbovce,Martin,Žilinský,43,MART
510017,Pucov,Dolný Kubín,Žilinský,43,MART
510025,Rabča,Námestovo,Žilinský,43,MART
510033,Rabčice,Námestovo,Žilinský,43,MART
512541,Rakovo,Martin,Žilinský,43,MART
512559,Rakša,Turčianske Teplice,Žilinský,43,MART
512567,Ratkovo,Martin,Žilinský,43,MART
512575,Rudno,Turčianske Teplice,Žilinský,43,MART
510041,Sedliacka Dubová,Dolný Kubín,Žilinský,43,MART
510050,Sihelné,Námestovo,Žilinský,43,MART
512583,Sklabiňa,Martin,Žilinský,43,MART
512591,Sklabinský Podzámok,Martin,Žilinský,43,MART
512605,Sklené,Turčianske Teplice,Žilinský,43,MART
512613,Slovany,Martin,Žilinský,43,MART
512621,Slovenské Pravno,Turčianske Teplice,Žilinský,43,MART
512630,Socovce,Martin,Žilinský,43,MART
512648,Sučany,Martin,Žilinský,43,MART
510076,Suchá Hora,Tvrdošín,Žilinský,43,MART
510084,Štefanov nad Oravou,Tvrdošín,Žilinský,43,MART
512656,Šútovo,Martin,Žilinský,43,MART
510092,Ťapešovo,Námestovo,Žilinský,43,MART
512664,Trebostovo,Martin,Žilinský,43,MART
512672,Trnovo,Martin,Žilinský,43,MART
510106,Trstená,Tvrdošín,Žilinský,43,MART
512681,Turany,Martin,Žilinský,43,MART
512699,Turček,Turčianske Teplice,Žilinský,43,MART
512702,Turčianska Štiavnička,Martin,Žilinský,43,MART
545961,Turčianske Jaseno,Martin,Žilinský,43,MART
512711,Turčianske Kľačany,Martin,Žilinský,43,MART
512729,Turčianske Teplice,Turčianske Teplice,Žilinský,43,MART
512737,Turčiansky Ďur,Martin,Žilinský,43,MART
512753,Turčiansky Peter,Martin,Žilinský,43,MART
510114,Tvrdošín,Tvrdošín,Žilinský,43,MART
512761,Valča,Martin,Žilinský,43,MART
510149,Vasiľov,Námestovo,Žilinský,43,MART
510157,Vavrečka,Námestovo,Žilinský,43,MART
510165,Veličná,Dolný Kubín,Žilinský,43,MART
512788,Veľký Čepčín,Turčianske Teplice,Žilinský,43,MART
510173,Vitanová,Tvrdošín,Žilinský,43,MART
512796,Vrícko,Martin,Žilinský,43,MART
557358,Vrútky,Martin,Žilinský,43,MART
510181,Vyšný Kubín,Dolný Kubín,Žilinský,43,MART
510190,Zábiedovo,Tvrdošín,Žilinský,43,MART
512818,Záborie,Martin,Žilinský,43,MART
510203,Zákamenné,Námestovo,Žilinský,43,MART
510211,Zázrivá,Dolný Kubín,Žilinský,43,MART
510238,Zuberec,Tvrdošín,Žilinský,43,MART
510246,Zubrohlava,Námestovo,Žilinský,43,MART
512834,Žabokreky,Martin,Žilinský,43,MART
510254,Žaškov,Dolný Kubín,Žilinský,43,MART
510271,Beňadiková,Liptovský Mikuláš,Žilinský,44,LIMI
510301,Bešeňová,Ružomberok,Žilinský,44,LIMI
510319,Bobrovček,Liptovský Mikuláš,Žilinský,44,LIMI
510327,Bobrovec,Liptovský Mikuláš,Žilinský,44,LIMI
510335,Bobrovník,Liptovský Mikuláš,Žilinský,44,LIMI
510351,Bukovina,Liptovský Mikuláš,Žilinský,44,LIMI
510386,Demänovská Dolina,Liptovský Mikuláš,Žilinský,44,LIMI
510408,Dúbrava,Liptovský Mikuláš,Žilinský,44,LIMI
510416,Galovany,Liptovský Mikuláš,Žilinský,44,LIMI
510424,Gôtovany,Liptovský Mikuláš,Žilinský,44,LIMI
510441,Hubová,Ružomberok,Žilinský,44,LIMI
510459,Huty,Liptovský Mikuláš,Žilinský,44,LIMI
510467,Hybe,Liptovský Mikuláš,Žilinský,44,LIMI
507300,Ivachnová,Ružomberok,Žilinský,44,LIMI
556807,Ižipovce,Liptovský Mikuláš,Žilinský,44,LIMI
510505,Jakubovany,Liptovský Mikuláš,Žilinský,44,LIMI
510513,Jalovec,Liptovský Mikuláš,Žilinský,44,LIMI
510521,Jamník,Liptovský Mikuláš,Žilinský,44,LIMI
510530,Kalameny,Ružomberok,Žilinský,44,LIMI
510548,Komjatná,Ružomberok,Žilinský,44,LIMI
507393,Konská,Liptovský Mikuláš,Žilinský,44,LIMI
510564,Kráľova Lehota,Liptovský Mikuláš,Žilinský,44,LIMI
510572,Kvačany,Liptovský Mikuláš,Žilinský,44,LIMI
510581,Lazisko,Liptovský Mikuláš,Žilinský,44,LIMI
510599,Likavka,Ružomberok,Žilinský,44,LIMI
510602,Liptovská Anna,Liptovský Mikuláš,Žilinský,44,LIMI
510611,Liptovská Kokava,Liptovský Mikuláš,Žilinský,44,LIMI
510629,Liptovská Lúžna,Ružomberok,Žilinský,44,LIMI
510637,Liptovská Osada,Ružomberok,Žilinský,44,LIMI
558281,Liptovská Porúbka,Liptovský Mikuláš,Žilinský,44,LIMI
510653,Liptovská Sielnica,Liptovský Mikuláš,Žilinský,44,LIMI
510661,Liptovská Štiavnica,Ružomberok,Žilinský,44,LIMI
510670,Liptovská Teplá,Ružomberok,Žilinský,44,LIMI
510688,Liptovské Beharovce,Liptovský Mikuláš,Žilinský,44,LIMI
510696,Liptovské Kľačany,Liptovský Mikuláš,Žilinský,44,LIMI
510700,Liptovské Matiašovce,Liptovský Mikuláš,Žilinský,44,LIMI
510718,Liptovské Revúce,Ružomberok,Žilinský,44,LIMI
510726,Liptovský Hrádok,Liptovský Mikuláš,Žilinský,44,LIMI
510734,Liptovský Ján,Liptovský Mikuláš,Žilinský,44,LIMI
510742,Liptovský Michal,Ružomberok,Žilinský,44,LIMI
510262,Liptovský Mikuláš,Liptovský Mikuláš,Žilinský,44,LIMI
510751,Liptovský Ondrej,Liptovský Mikuláš,Žilinský,44,LIMI
580287,Liptovský Peter,Liptovský Mikuláš,Žilinský,44,LIMI
510777,Liptovský Trnovec,Liptovský Mikuláš,Žilinský,44,LIMI
510785,Lisková,Ružomberok,Žilinský,44,LIMI
510793,Ľubeľa,Liptovský Mikuláš,Žilinský,44,LIMI
510807,Ľubochňa,Ružomberok,Žilinský,44,LIMI
510815,Lúčky,Ružomberok,Žilinský,44,LIMI
510823,Ludrová,Ružomberok,Žilinský,44,LIMI
510831,Malatíny,Liptovský Mikuláš,Žilinský,44,LIMI
510840,Malé Borové,Liptovský Mikuláš,Žilinský,44,LIMI
510858,Malužiná,Liptovský Mikuláš,Žilinský,44,LIMI
510866,Martinček,Ružomberok,Žilinský,44,LIMI
510874,Nižná Boca,Liptovský Mikuláš,Žilinský,44,LIMI
510904,Partizánska Ľupča,Liptovský Mikuláš,Žilinský,44,LIMI
510912,Pavčina Lehota,Liptovský Mikuláš,Žilinský,44,LIMI
510921,Pavlova Ves,Liptovský Mikuláš,Žilinský,44,LIMI
510947,Podtureň,Liptovský Mikuláš,Žilinský,44,LIMI
510955,Potok,Ružomberok,Žilinský,44,LIMI
510963,Pribylina,Liptovský Mikuláš,Žilinský,44,LIMI
510971,Prosiek,Liptovský Mikuláš,Žilinský,44,LIMI
510998,Ružomberok,Ružomberok,Žilinský,44,LIMI
511005,Liptovské Sliače,Ružomberok,Žilinský,44,LIMI
511013,Smrečany,Liptovský Mikuláš,Žilinský,44,LIMI
511030,Stankovany,Ružomberok,Žilinský,44,LIMI
511048,Svätý Kríž,Liptovský Mikuláš,Žilinský,44,LIMI
511056,Štiavnička,Ružomberok,Žilinský,44,LIMI
511064,Švošov,Ružomberok,Žilinský,44,LIMI
511072,Trstené,Liptovský Mikuláš,Žilinský,44,LIMI
507407,Turík,Ružomberok,Žilinský,44,LIMI
511099,Uhorská Ves,Liptovský Mikuláš,Žilinský,44,LIMI
511102,Valaská Dubová,Ružomberok,Žilinský,44,LIMI
511111,Vavrišovo,Liptovský Mikuláš,Žilinský,44,LIMI
511129,Važec,Liptovský Mikuláš,Žilinský,44,LIMI
511137,Veľké Borové,Liptovský Mikuláš,Žilinský,44,LIMI
511145,Veterná Poruba,Liptovský Mikuláš,Žilinský,44,LIMI
511153,Vlachy,Liptovský Mikuláš,Žilinský,44,LIMI
511170,Východná,Liptovský Mikuláš,Žilinský,44,LIMI
511188,Vyšná Boca,Liptovský Mikuláš,Žilinský,44,LIMI
511196,Závažná Poruba,Liptovský Mikuláš,Žilinský,44,LIMI
511200,Žiar,Liptovský Mikuláš,Žilinský,44,LIMI
518166,Babiná,Zvolen,Banskobystrický,45,ZVOL
518174,Bacúrov,Zvolen,Banskobystrický,45,ZVOL
516601,Baďan,Banská Štiavnica,Banskobystrický,45,ZVOL
516627,Banská Belá,Banská Štiavnica,Banskobystrický,45,ZVOL
516643,Banská Štiavnica,Banská Štiavnica,Banskobystrický,45,ZVOL
516651,Banský Studenec,Banská Štiavnica,Banskobystrický,45,ZVOL
516660,Bartošova Lehôtka,Žiar nad Hronom,Banskobystrický,45,ZVOL
516678,Beluj,Banská Štiavnica,Banskobystrický,45,ZVOL
581607,Brehy,Žarnovica,Banskobystrický,45,ZVOL
518191,Breziny,Zvolen,Banskobystrický,45,ZVOL
518204,Budča,Zvolen,Banskobystrický,45,ZVOL
516708,Bzenica,Žiar nad Hronom,Banskobystrický,45,ZVOL
518212,Bzovík,Krupina,Banskobystrický,45,ZVOL
518221,Bzovská Lehôtka,Zvolen,Banskobystrický,45,ZVOL
518239,Cerovo,Krupina,Banskobystrický,45,ZVOL
518247,Čabradský Vrbovok,Krupina,Banskobystrický,45,ZVOL
518255,Čekovce,Krupina,Banskobystrický,45,ZVOL
516716,Dekýš,Banská Štiavnica,Banskobystrický,45,ZVOL
518263,Detva,Detva,Banskobystrický,45,ZVOL
518271,Detvianska Huta,Detva,Banskobystrický,45,ZVOL
518280,Devičie,Krupina,Banskobystrický,45,ZVOL
518298,Dobrá Niva,Zvolen,Banskobystrický,45,ZVOL
516724,Dolná Trnávka,Žiar nad Hronom,Banskobystrický,45,ZVOL
516732,Dolná Ves,Žiar nad Hronom,Banskobystrický,45,ZVOL
516741,Dolná Ždaňa,Žiar nad Hronom,Banskobystrický,45,ZVOL
518301,Dolné Mladonice,Krupina,Banskobystrický,45,ZVOL
518310,Dolný Badín,Krupina,Banskobystrický,45,ZVOL
518336,Domaníky,Krupina,Banskobystrický,45,ZVOL
518344,Drážovce,Krupina,Banskobystrický,45,ZVOL
518352,Drienovo,Krupina,Banskobystrický,45,ZVOL
518361,Dubové,Zvolen,Banskobystrický,45,ZVOL
518379,Dúbravy,Detva,Banskobystrický,45,ZVOL
518387,Dudince,Krupina,Banskobystrický,45,ZVOL
516767,Hliník nad Hronom,Žiar nad Hronom,Banskobystrický,45,ZVOL
516759,Hodruša - Hámre,Žarnovica,Banskobystrický,45,ZVOL
518409,Hontianske Moravce,Krupina,Banskobystrický,45,ZVOL
518417,Hontianske Nemce,Krupina,Banskobystrický,45,ZVOL
518425,Hontianske Tesáre,Krupina,Banskobystrický,45,ZVOL
581747,Horná Ves,Žiar nad Hronom,Banskobystrický,45,ZVOL
516791,Horná Ždaňa,Žiar nad Hronom,Banskobystrický,45,ZVOL
516805,Horné Hámre,Žarnovica,Banskobystrický,45,ZVOL
518433,Horné Mladonice,Krupina,Banskobystrický,45,ZVOL
518441,Horný Badín,Krupina,Banskobystrický,45,ZVOL
518450,Horný Tisovník,Detva,Banskobystrický,45,ZVOL
516813,Hrabičov,Žarnovica,Banskobystrický,45,ZVOL
518468,Hriňová,Detva,Banskobystrický,45,ZVOL
518476,Hronská Breznica,Zvolen,Banskobystrický,45,ZVOL
516821,Hronská Dúbrava,Žiar nad Hronom,Banskobystrický,45,ZVOL
516830,Hronský Beňadik,Žarnovica,Banskobystrický,45,ZVOL
516848,Ihráč,Žiar nad Hronom,Banskobystrický,45,ZVOL
516856,Ilija,Banská Štiavnica,Banskobystrický,45,ZVOL
518484,Jalšovík,Krupina,Banskobystrický,45,ZVOL
516872,Janova Lehota,Žiar nad Hronom,Banskobystrický,45,ZVOL
516881,Jastrabá,Žiar nad Hronom,Banskobystrický,45,ZVOL
516902,Kľak,Žarnovica,Banskobystrický,45,ZVOL
518492,Klokoč,Detva,Banskobystrický,45,ZVOL
516937,Kopernica,Žiar nad Hronom,Banskobystrický,45,ZVOL
580520,Korytárky,Detva,Banskobystrický,45,ZVOL
516945,Kosorín,Žiar nad Hronom,Banskobystrický,45,ZVOL
518506,Kováčová,Zvolen,Banskobystrický,45,ZVOL
516953,Kozelník,Banská Štiavnica,Banskobystrický,45,ZVOL
518514,Kozí Vrbovok,Krupina,Banskobystrický,45,ZVOL
516961,Krahule,Žiar nad Hronom,Banskobystrický,45,ZVOL
518531,Kráľovce - Krnišov,Krupina,Banskobystrický,45,ZVOL
516970,Kremnica,Žiar nad Hronom,Banskobystrický,45,ZVOL
516988,Kremnické Bane,Žiar nad Hronom,Banskobystrický,45,ZVOL
518549,Kriváň,Detva,Banskobystrický,45,ZVOL
518557,Krupina,Krupina,Banskobystrický,45,ZVOL
516996,Kunešov,Žiar nad Hronom,Banskobystrický,45,ZVOL
518565,Lackov,Krupina,Banskobystrický,45,ZVOL
599328,Ladomerská Vieska,Žiar nad Hronom,Banskobystrický,45,ZVOL
518573,Ladzany,Krupina,Banskobystrický,45,ZVOL
511510,Látky,Detva,Banskobystrický,45,ZVOL
517011,Lehôtka pod Brehmi,Žiar nad Hronom,Banskobystrický,45,ZVOL
518581,Lešť (vojenský obvod),Zvolen,Banskobystrický,45,ZVOL
558133,Lieskovec,Zvolen,Banskobystrický,45,ZVOL
518603,Lišov,Krupina,Banskobystrický,45,ZVOL
518611,Litava,Krupina,Banskobystrický,45,ZVOL
517020,Lovča,Žiar nad Hronom,Banskobystrický,45,ZVOL
517038,Lovčica - Trubín,Žiar nad Hronom,Banskobystrický,45,ZVOL
517046,Lúčky,Žiar nad Hronom,Banskobystrický,45,ZVOL
558087,Lukavica,Zvolen,Banskobystrický,45,ZVOL
599336,Lutila,Žiar nad Hronom,Banskobystrický,45,ZVOL
517062,Malá Lehota,Žarnovica,Banskobystrický,45,ZVOL
518646,Medovarce,Krupina,Banskobystrický,45,ZVOL
518654,Michalková,Zvolen,Banskobystrický,45,ZVOL
517071,Močiar,Banská Štiavnica,Banskobystrický,45,ZVOL
517089,Nevoľné,Žiar nad Hronom,Banskobystrický,45,ZVOL
517097,Nová Baňa,Žarnovica,Banskobystrický,45,ZVOL
518662,Očová,Zvolen,Banskobystrický,45,ZVOL
580546,Orovnica,Žarnovica,Banskobystrický,45,ZVOL
518671,Ostrá Lúka,Zvolen,Banskobystrický,45,ZVOL
517119,Ostrý Grúň,Žarnovica,Banskobystrický,45,ZVOL
517127,Píla,Žarnovica,Banskobystrický,45,ZVOL
517135,Pitelová,Žiar nad Hronom,Banskobystrický,45,ZVOL
518689,Pliešovce,Zvolen,Banskobystrický,45,ZVOL
517160,Počúvadlo,Banská Štiavnica,Banskobystrický,45,ZVOL
517143,Podhorie,Banská Štiavnica,Banskobystrický,45,ZVOL
518697,Podzámčok,Zvolen,Banskobystrický,45,ZVOL
517178,Prenčov,Banská Štiavnica,Banskobystrický,45,ZVOL
517186,Prestavlky,Žiar nad Hronom,Banskobystrický,45,ZVOL
517194,Prochot,Žiar nad Hronom,Banskobystrický,45,ZVOL
517216,Repište,Žiar nad Hronom,Banskobystrický,45,ZVOL
517232,Rudno nad Hronom,Žarnovica,Banskobystrický,45,ZVOL
518701,Rykynčice,Krupina,Banskobystrický,45,ZVOL
518727,Sása,Zvolen,Banskobystrický,45,ZVOL
518735,Sebechleby,Krupina,Banskobystrický,45,ZVOL
518743,Selce,Krupina,Banskobystrický,45,ZVOL
518751,Senohrad,Krupina,Banskobystrický,45,ZVOL
518760,Sielnica,Zvolen,Banskobystrický,45,ZVOL
517241,Sklené Teplice,Žiar nad Hronom,Banskobystrický,45,ZVOL
517259,Slaská,Žiar nad Hronom,Banskobystrický,45,ZVOL
518794,Slatinské Lazy,Detva,Banskobystrický,45,ZVOL
518808,Sliač,Zvolen,Banskobystrický,45,ZVOL
518816,Stará Huta,Detva,Banskobystrický,45,ZVOL
517267,Stará Kremnička,Žiar nad Hronom,Banskobystrický,45,ZVOL
518824,Stožok,Detva,Banskobystrický,45,ZVOL
518832,Sudince,Krupina,Banskobystrický,45,ZVOL
518841,Súdovce,Krupina,Banskobystrický,45,ZVOL
516597,Svätý Anton,Banská Štiavnica,Banskobystrický,45,ZVOL
517283,Štiavnické Bane,Banská Štiavnica,Banskobystrický,45,ZVOL
517291,Tekovská Breznica,Žarnovica,Banskobystrický,45,ZVOL
517305,Tekovské Nemce,Zlaté Moravce,Nitriansky,45,ZVOL
518867,Terany,Krupina,Banskobystrický,45,ZVOL
517313,Trnavá Hora,Žiar nad Hronom,Banskobystrický,45,ZVOL
518875,Tŕnie,Zvolen,Banskobystrický,45,ZVOL
518883,Trpín,Krupina,Banskobystrický,45,ZVOL
518891,Turová,Zvolen,Banskobystrický,45,ZVOL
518905,Uňatín,Krupina,Banskobystrický,45,ZVOL
517330,Veľká Lehota,Žarnovica,Banskobystrický,45,ZVOL
581585,Veľká Lúka,Zvolen,Banskobystrický,45,ZVOL
517348,Veľké Pole,Žarnovica,Banskobystrický,45,ZVOL
518921,Vígľaš,Detva,Banskobystrický,45,ZVOL
518930,Vígľašská Huta - Kalinka,Detva,Banskobystrický,45,ZVOL
517356,Voznica,Žarnovica,Banskobystrický,45,ZVOL
517364,Vyhne,Žiar nad Hronom,Banskobystrický,45,ZVOL
517372,Vysoká,Banská Štiavnica,Banskobystrický,45,ZVOL
518956,Zemiansky Vrbovok,Krupina,Banskobystrický,45,ZVOL
518158,Zvolen,Zvolen,Banskobystrický,45,ZVOL
518972,Zvolenská Slatina,Zvolen,Banskobystrický,45,ZVOL
517381,Žarnovica,Žarnovica,Banskobystrický,45,ZVOL
518981,Železná Breznica,Zvolen,Banskobystrický,45,ZVOL
516589,Žiar nad Hronom,Žiar nad Hronom,Banskobystrický,45,ZVOL
518999,Žibritov,Krupina,Banskobystrický,45,ZVOL
517399,Župkov,Žarnovica,Banskobystrický,45,ZVOL
513903,Bojnice,Prievidza,Trenčiansky,46,PRIE
513911,Bystričany,Prievidza,Trenčiansky,46,PRIE
513920,Cigeľ,Prievidza,Trenčiansky,46,PRIE
513938,Čavoj,Prievidza,Trenčiansky,46,PRIE
513946,Čereňany,Prievidza,Trenčiansky,46,PRIE
513954,Diviacka Nová Ves,Prievidza,Trenčiansky,46,PRIE
513962,Diviaky nad Nitricou,Prievidza,Trenčiansky,46,PRIE
513971,Dlžín,Prievidza,Trenčiansky,46,PRIE
513989,Dolné Vestenice,Prievidza,Trenčiansky,46,PRIE
513997,Handlová,Prievidza,Trenčiansky,46,PRIE
514004,Horná Ves,Prievidza,Trenčiansky,46,PRIE
514012,Horné Vestenice,Prievidza,Trenčiansky,46,PRIE
514021,Chrenovec - Brusno,Prievidza,Trenčiansky,46,PRIE
514039,Chvojnica,Prievidza,Trenčiansky,46,PRIE
557714,Jalovec,Prievidza,Trenčiansky,46,PRIE
514063,Kamenec pod Vtáčnikom,Prievidza,Trenčiansky,46,PRIE
514071,Kanianka,Prievidza,Trenčiansky,46,PRIE
514080,Kľačno,Prievidza,Trenčiansky,46,PRIE
514098,Kocurany,Prievidza,Trenčiansky,46,PRIE
514101,Kostolná Ves,Prievidza,Trenčiansky,46,PRIE
514110,Koš,Prievidza,Trenčiansky,46,PRIE
514128,Lazany,Prievidza,Trenčiansky,46,PRIE
514136,Lehota pod Vtáčnikom,Prievidza,Trenčiansky,46,PRIE
514144,Liešťany,Prievidza,Trenčiansky,46,PRIE
557706,Lipník,Prievidza,Trenčiansky,46,PRIE
514179,Malá Čausa,Prievidza,Trenčiansky,46,PRIE
514187,Malinová,Prievidza,Trenčiansky,46,PRIE
514209,Nedožery - Brezany,Prievidza,Trenčiansky,46,PRIE
514217,Nevidzany,Prievidza,Trenčiansky,46,PRIE
514225,Nitrianske Pravno,Prievidza,Trenčiansky,46,PRIE
514233,Nitrianske Rudno,Prievidza,Trenčiansky,46,PRIE
514241,Nitrianske Sučany,Prievidza,Trenčiansky,46,PRIE
514250,Nitrica,Prievidza,Trenčiansky,46,PRIE
514268,Nováky,Prievidza,Trenčiansky,46,PRIE
514284,Opatovce nad Nitrou,Prievidza,Trenčiansky,46,PRIE
514292,Oslany,Prievidza,Trenčiansky,46,PRIE
514306,Podhradie,Prievidza,Trenčiansky,46,PRIE
514314,Poluvsie,Prievidza,Trenčiansky,46,PRIE
514322,Poruba,Prievidza,Trenčiansky,46,PRIE
514331,Pravenec,Prievidza,Trenčiansky,46,PRIE
513881,Prievidza,Prievidza,Trenčiansky,46,PRIE
514349,Radobica,Prievidza,Trenčiansky,46,PRIE
514357,Ráztočno,Prievidza,Trenčiansky,46,PRIE
514365,Rudnianska Lehota,Prievidza,Trenčiansky,46,PRIE
514373,Sebedražie,Prievidza,Trenčiansky,46,PRIE
514381,Seč,Prievidza,Trenčiansky,46,PRIE
514390,Šútovce,Prievidza,Trenčiansky,46,PRIE
514403,Temeš,Prievidza,Trenčiansky,46,PRIE
514411,Tužina,Prievidza,Trenčiansky,46,PRIE
514420,Valaská Belá,Prievidza,Trenčiansky,46,PRIE
514438,Veľká Čausa,Prievidza,Trenčiansky,46,PRIE
514454,Zemianske Kostoľany,Prievidza,Trenčiansky,46,PRIE
511226,Ábelová,Lučenec,Banskobystrický,47,LUCN
557757,Abovce,Rimavská Sobota,Banskobystrický,47,LUCN
514489,Babinec,Rimavská Sobota,Banskobystrický,47,LUCN
515868,Balog nad Ipľom,Veľký Krtíš,Banskobystrický,47,LUCN
514501,Barca,Rimavská Sobota,Banskobystrický,47,LUCN
514519,Bátka,Rimavská Sobota,Banskobystrický,47,LUCN
515876,Bátorová,Veľký Krtíš,Banskobystrický,47,LUCN
514535,Belín,Rimavská Sobota,Banskobystrický,47,LUCN
511234,Belina,Lučenec,Banskobystrický,47,LUCN
557315,Biskupice,Lučenec,Banskobystrický,47,LUCN
514543,Blhovce,Rimavská Sobota,Banskobystrický,47,LUCN
511251,Boľkovce,Lučenec,Banskobystrický,47,LUCN
514551,Bottovo,Rimavská Sobota,Banskobystrický,47,LUCN
514578,Bretka,Rožňava,Košický,47,LUCN
511269,Breznička,Poltár,Banskobystrický,47,LUCN
515884,Brusník,Veľký Krtíš,Banskobystrický,47,LUCN
514586,Budikovany,Rimavská Sobota,Banskobystrický,47,LUCN
511277,Budiná,Lučenec,Banskobystrický,47,LUCN
558273,Bulhary,Lučenec,Banskobystrický,47,LUCN
515892,Bušince,Veľký Krtíš,Banskobystrický,47,LUCN
511293,Buzitka,Lučenec,Banskobystrický,47,LUCN
514594,Cakov,Rimavská Sobota,Banskobystrický,47,LUCN
511315,Cinobaňa,Poltár,Banskobystrický,47,LUCN
511323,Čakanovce,Lučenec,Banskobystrický,47,LUCN
511331,Čamovce,Lučenec,Banskobystrický,47,LUCN
515906,Čebovce,Veľký Krtíš,Banskobystrický,47,LUCN
515914,Čeláre,Veľký Krtíš,Banskobystrický,47,LUCN
515922,Čelovce,Veľký Krtíš,Banskobystrický,47,LUCN
514608,Čerenčany,Rimavská Sobota,Banskobystrický,47,LUCN
515931,Červeňany,Veľký Krtíš,Banskobystrický,47,LUCN
511340,České Brezovo,Poltár,Banskobystrický,47,LUCN
514616,Čierny Potok,Rimavská Sobota,Banskobystrický,47,LUCN
514624,Číž,Rimavská Sobota,Banskobystrický,47,LUCN
515949,Dačov Lom,Veľký Krtíš,Banskobystrický,47,LUCN
511358,Divín,Lučenec,Banskobystrický,47,LUCN
511366,Dobroč,Lučenec,Banskobystrický,47,LUCN
515957,Dolinka,Veľký Krtíš,Banskobystrický,47,LUCN
515965,Dolná Strehová,Veľký Krtíš,Banskobystrický,47,LUCN
515973,Dolné Plachtince,Veľký Krtíš,Banskobystrický,47,LUCN
515981,Dolné Strháre,Veľký Krtíš,Banskobystrický,47,LUCN
514632,Dolné Zahorany,Rimavská Sobota,Banskobystrický,47,LUCN
514641,Dražice,Rimavská Sobota,Banskobystrický,47,LUCN
514659,Drienčany,Rimavská Sobota,Banskobystrický,47,LUCN
514667,Drňa,Rimavská Sobota,Banskobystrický,47,LUCN
514675,Držkovce,Revúca,Banskobystrický,47,LUCN
557323,Ďubákovo,Poltár,Banskobystrický,47,LUCN
514683,Dubno,Rimavská Sobota,Banskobystrický,47,LUCN
514691,Dubovec,Rimavská Sobota,Banskobystrický,47,LUCN
557919,Dulovo,Rimavská Sobota,Banskobystrický,47,LUCN
515990,Ďurkovce,Veľký Krtíš,Banskobystrický,47,LUCN
514713,Figa,Rimavská Sobota,Banskobystrický,47,LUCN
511391,Fiľakovo,Lučenec,Banskobystrický,47,LUCN
511404,Fiľakovské Kováče,Lučenec,Banskobystrický,47,LUCN
514721,Gemer,Revúca,Banskobystrický,47,LUCN
514730,Gemerček,Rimavská Sobota,Banskobystrický,47,LUCN
514748,Gemerská Panica,Rožňava,Košický,47,LUCN
514756,Gemerská Ves,Revúca,Banskobystrický,47,LUCN
514764,Gemerské Dechtáre,Rimavská Sobota,Banskobystrický,47,LUCN
557889,Gemerské Michalovce,Rimavská Sobota,Banskobystrický,47,LUCN
514781,Gemerský Jablonec,Rimavská Sobota,Banskobystrický,47,LUCN
516007,Glabušovce,Veľký Krtíš,Banskobystrický,47,LUCN
514799,Gortva,Rimavská Sobota,Banskobystrický,47,LUCN
557331,Gregorova Vieska,Lučenec,Banskobystrický,47,LUCN
514811,Hajnáčka,Rimavská Sobota,Banskobystrický,47,LUCN
511421,Halič,Lučenec,Banskobystrický,47,LUCN
514829,Hnúšťa,Rimavská Sobota,Banskobystrický,47,LUCN
514837,Hodejov,Rimavská Sobota,Banskobystrický,47,LUCN
514845,Hodejovec,Rimavská Sobota,Banskobystrický,47,LUCN
511439,Holiša,Lučenec,Banskobystrický,47,LUCN
516015,Horná Strehová,Veľký Krtíš,Banskobystrický,47,LUCN
516023,Horné Plachtince,Veľký Krtíš,Banskobystrický,47,LUCN
516031,Horné Strháre,Veľký Krtíš,Banskobystrický,47,LUCN
514853,Horné Zahorany,Rimavská Sobota,Banskobystrický,47,LUCN
514861,Hostice,Rimavská Sobota,Banskobystrický,47,LUCN
514870,Hostišovce,Rimavská Sobota,Banskobystrický,47,LUCN
511447,Hradište,Poltár,Banskobystrický,47,LUCN
514888,Hrachovo,Rimavská Sobota,Banskobystrický,47,LUCN
514896,Hrlica,Revúca,Banskobystrický,47,LUCN
514900,Hrnčiarska Ves,Poltár,Banskobystrický,47,LUCN
514918,Hrnčiarske Zalužany,Poltár,Banskobystrický,47,LUCN
516040,Hrušov,Veľký Krtíš,Banskobystrický,47,LUCN
514926,Hrušovo,Rimavská Sobota,Banskobystrický,47,LUCN
514934,Hubovo,Rimavská Sobota,Banskobystrický,47,LUCN
514942,Husiná,Rimavská Sobota,Banskobystrický,47,LUCN
514951,Chanava,Rimavská Sobota,Banskobystrický,47,LUCN
514969,Chrámec,Rimavská Sobota,Banskobystrický,47,LUCN
516058,Chrastince,Veľký Krtíš,Banskobystrický,47,LUCN
516066,Chrťany,Veľký Krtíš,Banskobystrický,47,LUCN
514977,Chvalová,Revúca,Banskobystrický,47,LUCN
516074,Ipeľské Predmostie,Veľký Krtíš,Banskobystrický,47,LUCN
514985,Ivanice,Rimavská Sobota,Banskobystrický,47,LUCN
514993,Janice,Rimavská Sobota,Banskobystrický,47,LUCN
511463,Jelšovec,Lučenec,Banskobystrický,47,LUCN
515001,Jesenské,Rimavská Sobota,Banskobystrický,47,LUCN
515019,Jestice,Rimavská Sobota,Banskobystrický,47,LUCN
511471,Kalinovo,Poltár,Banskobystrický,47,LUCN
511480,Kalonda,Lučenec,Banskobystrický,47,LUCN
515027,Kaloša,Rimavská Sobota,Banskobystrický,47,LUCN
516082,Kamenné Kosihy,Veľký Krtíš,Banskobystrický,47,LUCN
515035,Kesovce,Rimavská Sobota,Banskobystrický,47,LUCN
516091,Kiarov,Veľký Krtíš,Banskobystrický,47,LUCN
516104,Kleňany,Veľký Krtíš,Banskobystrický,47,LUCN
515043,Klenovec,Rimavská Sobota,Banskobystrický,47,LUCN
515051,Kociha,Rimavská Sobota,Banskobystrický,47,LUCN
511498,Kokava nad Rimavicou,Poltár,Banskobystrický,47,LUCN
516112,Koláre,Veľký Krtíš,Banskobystrický,47,LUCN
515060,Konrádovce,Rimavská Sobota,Banskobystrický,47,LUCN
516121,Kosihovce,Veľký Krtíš,Banskobystrický,47,LUCN
516139,Kosihy nad Ipľom,Veľký Krtíš,Banskobystrický,47,LUCN
511374,Kotmanová,Lučenec,Banskobystrický,47,LUCN
516147,Kováčovce,Veľký Krtíš,Banskobystrický,47,LUCN
515078,Kráľ,Rimavská Sobota,Banskobystrický,47,LUCN
515086,Kraskovo,Rimavská Sobota,Banskobystrický,47,LUCN
511501,Krná,Poltár,Banskobystrický,47,LUCN
515094,Krokava,Rimavská Sobota,Banskobystrický,47,LUCN
515108,Kružno,Rimavská Sobota,Banskobystrický,47,LUCN
515116,Kyjatice,Rimavská Sobota,Banskobystrický,47,LUCN
515124,Lehota nad Rimavicou,Rimavská Sobota,Banskobystrický,47,LUCN
511528,Lehôtka,Lučenec,Banskobystrický,47,LUCN
515132,Lenartovce,Rimavská Sobota,Banskobystrický,47,LUCN
515141,Lenka,Rimavská Sobota,Banskobystrický,47,LUCN
511536,Lentvora,Lučenec,Banskobystrický,47,LUCN
516155,Lesenice,Veľký Krtíš,Banskobystrický,47,LUCN
515574,Leváre,Revúca,Banskobystrický,47,LUCN
515159,Levkuška,Revúca,Banskobystrický,47,LUCN
511544,Lipovany,Lučenec,Banskobystrický,47,LUCN
515167,Lipovec,Rimavská Sobota,Banskobystrický,47,LUCN
511552,Lovinobaňa,Lučenec,Banskobystrický,47,LUCN
511561,Ľuboreč,Lučenec,Banskobystrický,47,LUCN
516163,Ľuboriečka,Veľký Krtíš,Banskobystrický,47,LUCN
511218,Lučenec,Lučenec,Banskobystrický,47,LUCN
515175,Lukovištia,Rimavská Sobota,Banskobystrický,47,LUCN
511579,Lupoč,Lučenec,Banskobystrický,47,LUCN
516171,Malá Čalomija,Veľký Krtíš,Banskobystrický,47,LUCN
558206,Malé Straciny,Veľký Krtíš,Banskobystrický,47,LUCN
516198,Malé Zlievce,Veľký Krtíš,Banskobystrický,47,LUCN
511595,Málinec,Poltár,Banskobystrický,47,LUCN
558192,Malý Krtíš,Veľký Krtíš,Banskobystrický,47,LUCN
515183,Martinová,Rimavská Sobota,Banskobystrický,47,LUCN
511609,Mašková,Lučenec,Banskobystrický,47,LUCN
580309,Mikušovce,Lučenec,Banskobystrický,47,LUCN
511617,Mládzovo,Poltár,Banskobystrický,47,LUCN
516210,Modrý Kameň,Veľký Krtíš,Banskobystrický,47,LUCN
511625,Mučín,Lučenec,Banskobystrický,47,LUCN
516228,Muľa,Veľký Krtíš,Banskobystrický,47,LUCN
511641,Mýtna,Lučenec,Banskobystrický,47,LUCN
516236,Nenince,Veľký Krtíš,Banskobystrický,47,LUCN
515205,Neporadza,Rimavská Sobota,Banskobystrický,47,LUCN
511668,Nitra nad Ipľom,Lučenec,Banskobystrický,47,LUCN
557790,Nižný Skálnik,Rimavská Sobota,Banskobystrický,47,LUCN
515230,Nová Bašta,Rimavská Sobota,Banskobystrický,47,LUCN
516244,Nová Ves,Veľký Krtíš,Banskobystrický,47,LUCN
511676,Nové Hony,Lučenec,Banskobystrický,47,LUCN
516252,Obeckov,Veľký Krtíš,Banskobystrický,47,LUCN
516261,Olováry,Veľký Krtíš,Banskobystrický,47,LUCN
516279,Opatovská Nová Ves,Veľký Krtíš,Banskobystrický,47,LUCN
516287,Opava,Veľký Krtíš,Banskobystrický,47,LUCN
515248,Orávka,Rimavská Sobota,Banskobystrický,47,LUCN
515256,Otročok,Revúca,Banskobystrický,47,LUCN
511684,Ozdín,Poltár,Banskobystrický,47,LUCN
515264,Ožďany,Rimavská Sobota,Banskobystrický,47,LUCN
515272,Padarovce,Rimavská Sobota,Banskobystrický,47,LUCN
511692,Panické Dravce,Lučenec,Banskobystrický,47,LUCN
515281,Pavlovce,Rimavská Sobota,Banskobystrický,47,LUCN
515299,Petrovce,Rimavská Sobota,Banskobystrický,47,LUCN
511706,Píla,Lučenec,Banskobystrický,47,LUCN
511714,Pinciná,Lučenec,Banskobystrický,47,LUCN
511722,Pleš,Lučenec,Banskobystrický,47,LUCN
515302,Ploské,Revúca,Banskobystrický,47,LUCN
511731,Podkriváň,Detva,Banskobystrický,47,LUCN
511749,Podrečany,Lučenec,Banskobystrický,47,LUCN
511757,Polichno,Lučenec,Banskobystrický,47,LUCN
515311,Polina,Revúca,Banskobystrický,47,LUCN
511765,Poltár,Poltár,Banskobystrický,47,LUCN
515337,Poproč,Rimavská Sobota,Banskobystrický,47,LUCN
515345,Potok,Rimavská Sobota,Banskobystrický,47,LUCN
516295,Pôtor,Veľký Krtíš,Banskobystrický,47,LUCN
511773,Praha,Lučenec,Banskobystrický,47,LUCN
516309,Pravica,Veľký Krtíš,Banskobystrický,47,LUCN
516317,Príbelce,Veľký Krtíš,Banskobystrický,47,LUCN
511781,Prša,Lučenec,Banskobystrický,47,LUCN
515353,Radnovce,Rimavská Sobota,Banskobystrický,47,LUCN
511790,Radzovce,Lučenec,Banskobystrický,47,LUCN
557854,Rakytník,Rimavská Sobota,Banskobystrický,47,LUCN
511803,Rapovce,Lučenec,Banskobystrický,47,LUCN
515361,Rašice,Revúca,Banskobystrický,47,LUCN
511811,Ratka,Lučenec,Banskobystrický,47,LUCN
515370,Ratková,Revúca,Banskobystrický,47,LUCN
515388,Ratkovská Lehota,Rimavská Sobota,Banskobystrický,47,LUCN
515396,Ratkovská Suchá,Rimavská Sobota,Banskobystrický,47,LUCN
515400,Ratkovské Bystré,Revúca,Banskobystrický,47,LUCN
557765,Riečka,Rimavská Sobota,Banskobystrický,47,LUCN
515426,Rimavská Baňa,Rimavská Sobota,Banskobystrický,47,LUCN
515442,Rimavská Seč,Rimavská Sobota,Banskobystrický,47,LUCN
514462,Rimavská Sobota,Rimavská Sobota,Banskobystrický,47,LUCN
515451,Rimavské Brezovo,Rimavská Sobota,Banskobystrický,47,LUCN
515469,Rimavské Janovce,Rimavská Sobota,Banskobystrický,47,LUCN
557811,Rimavské Zalužany,Rimavská Sobota,Banskobystrický,47,LUCN
511820,Rovňany,Poltár,Banskobystrický,47,LUCN
515485,Rovné,Rimavská Sobota,Banskobystrický,47,LUCN
515493,Rumince,Rimavská Sobota,Banskobystrický,47,LUCN
511838,Ružiná,Lučenec,Banskobystrický,47,LUCN
515507,Rybník,Revúca,Banskobystrický,47,LUCN
557820,Sása,Revúca,Banskobystrický,47,LUCN
516333,Sečianky,Veľký Krtíš,Banskobystrický,47,LUCN
516341,Seľany,Veľký Krtíš,Banskobystrický,47,LUCN
515515,Selce,Poltár,Banskobystrický,47,LUCN
516368,Senné,Veľký Krtíš,Banskobystrický,47,LUCN
515523,Skerešovo,Revúca,Banskobystrický,47,LUCN
516376,Sklabiná,Veľký Krtíš,Banskobystrický,47,LUCN
515531,Slizké,Rimavská Sobota,Banskobystrický,47,LUCN
516384,Slovenské Ďarmoty,Veľký Krtíš,Banskobystrický,47,LUCN
516392,Slovenské Kľačany,Veľký Krtíš,Banskobystrický,47,LUCN
515540,Stará Bašta,Rimavská Sobota,Banskobystrický,47,LUCN
511846,Stará Halič,Lučenec,Banskobystrický,47,LUCN
515566,Stránska,Rimavská Sobota,Banskobystrický,47,LUCN
516406,Stredné Plachtince,Veľký Krtíš,Banskobystrický,47,LUCN
515582,Studená,Rimavská Sobota,Banskobystrický,47,LUCN
516414,Sucháň,Veľký Krtíš,Banskobystrický,47,LUCN
516422,Suché Brezovo,Veľký Krtíš,Banskobystrický,47,LUCN
515591,Sušany,Poltár,Banskobystrický,47,LUCN
515604,Sútor,Rimavská Sobota,Banskobystrický,47,LUCN
511854,Šávoľ,Lučenec,Banskobystrický,47,LUCN
511862,Šiatorská Bukovinka,Lučenec,Banskobystrický,47,LUCN
511871,Šíd,Lučenec,Banskobystrický,47,LUCN
515621,Šimonovce,Rimavská Sobota,Banskobystrický,47,LUCN
516431,Širákov,Veľký Krtíš,Banskobystrický,47,LUCN
515639,Širkovce,Rimavská Sobota,Banskobystrický,47,LUCN
511889,Šoltýska,Poltár,Banskobystrický,47,LUCN
515647,Španie Pole,Rimavská Sobota,Banskobystrický,47,LUCN
515655,Štrkovec,Rimavská Sobota,Banskobystrický,47,LUCN
516449,Šuľa,Veľký Krtíš,Banskobystrický,47,LUCN
511897,Šurice,Lučenec,Banskobystrický,47,LUCN
515663,Tachty,Rimavská Sobota,Banskobystrický,47,LUCN
515671,Teplý Vrch,Rimavská Sobota,Banskobystrický,47,LUCN
515680,Tisovec,Rimavská Sobota,Banskobystrický,47,LUCN
511901,Točnica,Lučenec,Banskobystrický,47,LUCN
511919,Tomášovce,Lučenec,Banskobystrický,47,LUCN
515698,Tomášovce,Rimavská Sobota,Banskobystrický,47,LUCN
515612,Tornaľa,Revúca,Banskobystrický,47,LUCN
511927,Trebeľovce,Lučenec,Banskobystrický,47,LUCN
516457,Trebušovce,Veľký Krtíš,Banskobystrický,47,LUCN
557340,Trenč,Lučenec,Banskobystrický,47,LUCN
511943,Tuhár,Lučenec,Banskobystrický,47,LUCN
511978,Uhorské,Poltár,Banskobystrický,47,LUCN
580317,Utekáč,Poltár,Banskobystrický,47,LUCN
515701,Uzovská Panica,Rimavská Sobota,Banskobystrický,47,LUCN
515795,Valice,Rimavská Sobota,Banskobystrický,47,LUCN
515710,Včelince,Rimavská Sobota,Banskobystrický,47,LUCN
515728,Večelkov,Rimavská Sobota,Banskobystrický,47,LUCN
516465,Veľká Čalomija,Veľký Krtíš,Banskobystrický,47,LUCN
511994,Veľká nad Ipľom,Lučenec,Banskobystrický,47,LUCN
512001,Veľká Ves,Poltár,Banskobystrický,47,LUCN
516473,Veľká Ves nad Ipľom,Veľký Krtíš,Banskobystrický,47,LUCN
512010,Veľké Dravce,Lučenec,Banskobystrický,47,LUCN
558214,Veľké Straciny,Veľký Krtíš,Banskobystrický,47,LUCN
515736,Veľké Teriakovce,Rimavská Sobota,Banskobystrický,47,LUCN
516490,Veľké Zlievce,Veľký Krtíš,Banskobystrický,47,LUCN
515744,Veľký Blh,Rimavská Sobota,Banskobystrický,47,LUCN
515850,Veľký Krtíš,Veľký Krtíš,Banskobystrický,47,LUCN
516503,Veľký Lom,Veľký Krtíš,Banskobystrický,47,LUCN
557307,Vidiná,Lučenec,Banskobystrický,47,LUCN
516511,Vieska,Veľký Krtíš,Banskobystrický,47,LUCN
515752,Vieska nad Blhom,Rimavská Sobota,Banskobystrický,47,LUCN
516520,Vinica,Veľký Krtíš,Banskobystrický,47,LUCN
515761,Višňové,Revúca,Banskobystrický,47,LUCN
515779,Vlkyňa,Rimavská Sobota,Banskobystrický,47,LUCN
516538,Vrbovka,Veľký Krtíš,Banskobystrický,47,LUCN
557901,Vyšné Valice,Rimavská Sobota,Banskobystrický,47,LUCN
515809,Vyšný Skálnik,Rimavská Sobota,Banskobystrický,47,LUCN
515817,Zádor,Rimavská Sobota,Banskobystrický,47,LUCN
516546,Záhorce,Veľký Krtíš,Banskobystrický,47,LUCN
557927,Zacharovce,Rimavská Sobota,Banskobystrický,47,LUCN
516554,Závada,Veľký Krtíš,Banskobystrický,47,LUCN
582051,Zlatno,Poltár,Banskobystrický,47,LUCN
516562,Zombor,Veľký Krtíš,Banskobystrický,47,LUCN
516571,Želovce,Veľký Krtíš,Banskobystrický,47,LUCN
515833,Žiar,Revúca,Banskobystrický,47,LUCN
515841,Žíp,Rimavská Sobota,Banskobystrický,47,LUCN
508446,Bacúch,Brezno,Banskobystrický,48,BB
508454,Badín,Banská Bystrica,Banskobystrický,48,BB
508471,Baláže,Banská Bystrica,Banskobystrický,48,BB
508438,Banská Bystrica,Banská Bystrica,Banskobystrický,48,BB
508462,Beňuš,Brezno,Banskobystrický,48,BB
508489,Braväcovo,Brezno,Banskobystrický,48,BB
508497,Brezno,Brezno,Banskobystrický,48,BB
508675,Brusno,Banská Bystrica,Banskobystrický,48,BB
557251,Bystrá,Brezno,Banskobystrický,48,BB
508519,Čerín,Banská Bystrica,Banskobystrický,48,BB
508527,Čierny Balog,Brezno,Banskobystrický,48,BB
508535,Dolná Lehota,Brezno,Banskobystrický,48,BB
508543,Dolná Mičiná,Banská Bystrica,Banskobystrický,48,BB
508551,Dolný Harmanec,Banská Bystrica,Banskobystrický,48,BB
508560,Donovaly,Banská Bystrica,Banskobystrický,48,BB
508578,Drábsko,Brezno,Banskobystrický,48,BB
508586,Dúbravica,Banská Bystrica,Banskobystrický,48,BB
508594,Harmanec,Banská Bystrica,Banskobystrický,48,BB
508608,Heľpa,Brezno,Banskobystrický,48,BB
508616,Hiadeľ,Banská Bystrica,Banskobystrický,48,BB
508624,Horná Lehota,Brezno,Banskobystrický,48,BB
508632,Horná Mičiná,Banská Bystrica,Banskobystrický,48,BB
508641,Horné Pršany,Banská Bystrica,Banskobystrický,48,BB
508659,Hrochoť,Banská Bystrica,Banskobystrický,48,BB
508667,Hronec,Brezno,Banskobystrický,48,BB
580236,Hronsek,Banská Bystrica,Banskobystrický,48,BB
508691,Jarabá,Brezno,Banskobystrický,48,BB
508705,Jasenie,Brezno,Banskobystrický,48,BB
508713,Kordíky,Banská Bystrica,Banskobystrický,48,BB
508721,Králiky,Banská Bystrica,Banskobystrický,48,BB
557277,Kynceľová,Banská Bystrica,Banskobystrický,48,BB
508730,Lom nad Rimavicou,Brezno,Banskobystrický,48,BB
508748,Ľubietová,Banská Bystrica,Banskobystrický,48,BB
508756,Lučatín,Banská Bystrica,Banskobystrický,48,BB
580244,Malachov,Banská Bystrica,Banskobystrický,48,BB
508764,Medzibrod,Banská Bystrica,Banskobystrický,48,BB
508772,Michalová,Brezno,Banskobystrický,48,BB
508799,Moštenica,Banská Bystrica,Banskobystrický,48,BB
508802,Motyčky,Banská Bystrica,Banskobystrický,48,BB
508781,Môlča,Banská Bystrica,Banskobystrický,48,BB
508811,Mýto pod Ďumbierom,Brezno,Banskobystrický,48,BB
557285,Nemce,Banská Bystrica,Banskobystrický,48,BB
508829,Nemecká,Brezno,Banskobystrický,48,BB
508837,Oravce,Banská Bystrica,Banskobystrický,48,BB
508845,Osrblie,Brezno,Banskobystrický,48,BB
508853,Podbrezová,Brezno,Banskobystrický,48,BB
508861,Podkonice,Banská Bystrica,Banskobystrický,48,BB
508870,Pohorelá,Brezno,Banskobystrický,48,BB
508888,Pohronská Polhora,Brezno,Banskobystrický,48,BB
508896,Pohronský Bukovec,Banská Bystrica,Banskobystrický,48,BB
508900,Polomka,Brezno,Banskobystrický,48,BB
508918,Poniky,Banská Bystrica,Banskobystrický,48,BB
508926,Povrazník,Banská Bystrica,Banskobystrický,48,BB
508934,Predajná,Brezno,Banskobystrický,48,BB
508942,Priechod,Banská Bystrica,Banskobystrický,48,BB
508951,Ráztoka,Brezno,Banskobystrický,48,BB
508969,Riečka,Banská Bystrica,Banskobystrický,48,BB
508977,Sebedín - Bečov,Banská Bystrica,Banskobystrický,48,BB
508985,Selce,Banská Bystrica,Banskobystrický,48,BB
508993,Sihla,Brezno,Banskobystrický,48,BB
509001,Slovenská Ľupča,Banská Bystrica,Banskobystrický,48,BB
509019,Staré Hory,Banská Bystrica,Banskobystrický,48,BB
509027,Strelníky,Banská Bystrica,Banskobystrický,48,BB
509035,Špania Dolina,Banská Bystrica,Banskobystrický,48,BB
509043,Šumiac,Brezno,Banskobystrický,48,BB
509060,Tajov,Banská Bystrica,Banskobystrický,48,BB
509051,Telgárt,Brezno,Banskobystrický,48,BB
557269,Turecká,Banská Bystrica,Banskobystrický,48,BB
509086,Valaská,Brezno,Banskobystrický,48,BB
509094,Vaľkovňa,Brezno,Banskobystrický,48,BB
557293,Vlkanová,Banská Bystrica,Banskobystrický,48,BB
509124,Závadka nad Hronom,Brezno,Banskobystrický,48,BB
524158,Abranovce,Prešov,Prešovský,51,PO
524174,Bajerov,Prešov,Prešovský,51,PO
524182,Bajerovce,Sabinov,Prešovský,51,PO
524191,Bertotovce,Prešov,Prešovský,51,PO
524204,Bodovce,Sabinov,Prešovský,51,PO
524212,Brestov,Prešov,Prešovský,51,PO
524221,Bretejovce,Prešov,Prešovský,51,PO
524239,Brezovica,Sabinov,Prešovský,51,PO
524247,Brezovička,Sabinov,Prešovský,51,PO
524255,Brežany,Prešov,Prešovský,51,PO
524263,Bzenov,Prešov,Prešovský,51,PO
524271,Čelovce,Prešov,Prešovský,51,PO
524280,Červená Voda,Sabinov,Prešovský,51,PO
524301,Červenica,Prešov,Prešovský,51,PO
524298,Červenica pri Sabinove,Sabinov,Prešovský,51,PO
524310,Ďačov,Sabinov,Prešovský,51,PO
524328,Daletice,Sabinov,Prešovský,51,PO
524336,Demjata,Prešov,Prešovský,51,PO
524344,Drienica,Sabinov,Prešovský,51,PO
524352,Drienov,Prešov,Prešovský,51,PO
524361,Drienovská Nová Ves,Prešov,Prešovský,51,PO
524379,Dubovica,Sabinov,Prešovský,51,PO
524387,Dulova Ves,Prešov,Prešovský,51,PO
524395,Fintice,Prešov,Prešovský,51,PO
524409,Fričovce,Prešov,Prešovský,51,PO
524417,Fulianka,Prešov,Prešovský,51,PO
524425,Geraltov,Prešov,Prešovský,51,PO
524433,Gregorovce,Prešov,Prešovský,51,PO
524441,Hanigovce,Sabinov,Prešovský,51,PO
518522,Haniska,Prešov,Prešovský,51,PO
524450,Hendrichovce,Prešov,Prešovský,51,PO
524468,Hermanovce,Prešov,Prešovský,51,PO
524476,Hrabkov,Prešov,Prešovský,51,PO
524492,Hubošovce,Sabinov,Prešovský,51,PO
524506,Chmeľov,Prešov,Prešovský,51,PO
524514,Chmeľovec,Prešov,Prešovský,51,PO
524549,Chmiňany,Prešov,Prešovský,51,PO
524522,Chminianska Nová Ves,Prešov,Prešovský,51,PO
524531,Chminianske Jakubovany,Prešov,Prešovský,51,PO
524557,Jakovany,Sabinov,Prešovský,51,PO
524565,Jakubova Voľa,Sabinov,Prešovský,51,PO
524573,Jakubovany,Sabinov,Prešovský,51,PO
524581,Janov,Prešov,Prešovský,51,PO
524590,Janovík,Prešov,Prešovský,51,PO
524603,Jarovnice,Sabinov,Prešovský,51,PO
524611,Kamenica,Sabinov,Prešovský,51,PO
524620,Kapušany,Prešov,Prešovský,51,PO
524638,Kendice,Prešov,Prešovský,51,PO
524646,Klenov,Prešov,Prešovský,51,PO
524654,Kojatice,Prešov,Prešovský,51,PO
524662,Kokošovce,Prešov,Prešovský,51,PO
524671,Krásna Lúka,Sabinov,Prešovský,51,PO
524689,Krivany,Sabinov,Prešovský,51,PO
524697,Krížovany,Prešov,Prešovský,51,PO
524701,Kvačany,Prešov,Prešovský,51,PO
524727,Lada,Prešov,Prešovský,51,PO
524735,Lažany,Prešov,Prešovský,51,PO
524743,Lemešany,Prešov,Prešovský,51,PO
524751,Lesíček,Prešov,Prešovský,51,PO
524760,Ličartovce,Prešov,Prešovský,51,PO
524778,Lipany,Sabinov,Prešovský,51,PO
559971,Lipníky,Prešov,Prešovský,51,PO
524786,Lipovce,Prešov,Prešovský,51,PO
518590,Ľubotice,Prešov,Prešovský,51,PO
524794,Ľubovec,Prešov,Prešovský,51,PO
524808,Lúčina,Prešov,Prešovský,51,PO
524816,Lúčka,Sabinov,Prešovský,51,PO
524824,Ľutina,Sabinov,Prešovský,51,PO
524832,Malý Slivník,Prešov,Prešovský,51,PO
524841,Malý Šariš,Prešov,Prešovský,51,PO
556823,Medzany,Prešov,Prešovský,51,PO
524867,Miklušovce,Prešov,Prešovský,51,PO
524875,Milpoš,Sabinov,Prešovský,51,PO
524883,Mirkovce,Prešov,Prešovský,51,PO
524905,Mošurov,Prešov,Prešovský,51,PO
524913,Nemcovce,Prešov,Prešovský,51,PO
524921,Nižný Slavkov,Sabinov,Prešovský,51,PO
524930,Okružná,Prešov,Prešovský,51,PO
524948,Olejníkov,Sabinov,Prešovský,51,PO
524956,Oľšov,Sabinov,Prešovský,51,PO
524964,Ondrašovce,Prešov,Prešovský,51,PO
524981,Ostrovany,Sabinov,Prešovský,51,PO
524999,Ovčie,Prešov,Prešovský,51,PO
525006,Pečovská Nová Ves,Sabinov,Prešovský,51,PO
525014,Petrovany,Prešov,Prešovský,51,PO
525022,Podhorany,Prešov,Prešovský,51,PO
525031,Podhradík,Prešov,Prešovský,51,PO
525049,Poloma,Sabinov,Prešovský,51,PO
524140,Prešov,Prešov,Prešovský,51,PO
525057,Proč,Prešov,Prešovský,51,PO
525065,Pušovce,Prešov,Prešovský,51,PO
525073,Radatice,Prešov,Prešovský,51,PO
525081,Ratvaj,Sabinov,Prešovský,51,PO
525090,Ražňany,Sabinov,Prešovský,51,PO
525103,Renčišov,Sabinov,Prešovský,51,PO
525111,Rokycany,Prešov,Prešovský,51,PO
525120,Rožkovany,Sabinov,Prešovský,51,PO
525138,Ruská Nová Ves,Prešov,Prešovský,51,PO
525146,Sabinov,Sabinov,Prešovský,51,PO
525154,Sedlice,Prešov,Prešovský,51,PO
525162,Seniakovce,Prešov,Prešovský,51,PO
559989,Suchá Dolina,Prešov,Prešovský,51,PO
525171,Svinia,Prešov,Prešovský,51,PO
525189,Šarišská Poruba,Prešov,Prešovský,51,PO
525197,Šarišská Trstená,Prešov,Prešovský,51,PO
525201,Šarišské Bohdanovce,Prešov,Prešovský,51,PO
525219,Šarišské Dravce,Sabinov,Prešovský,51,PO
525235,Šarišské Michaľany,Sabinov,Prešovský,51,PO
525243,Šarišské Sokolovce,Sabinov,Prešovský,51,PO
525251,Šindliar,Prešov,Prešovský,51,PO
525260,Široké,Prešov,Prešovský,51,PO
525278,Štefanovce,Prešov,Prešovský,51,PO
525286,Teriakovce,Prešov,Prešovský,51,PO
525294,Terňa,Prešov,Prešovský,51,PO
525308,Tichý Potok,Sabinov,Prešovský,51,PO
525316,Torysa,Sabinov,Prešovský,51,PO
525324,Trnkov,Prešov,Prešovský,51,PO
525332,Tuhrina,Prešov,Prešovský,51,PO
525341,Tulčík,Prešov,Prešovský,51,PO
525359,Uzovce,Sabinov,Prešovský,51,PO
525367,Uzovské Pekľany,Sabinov,Prešovský,51,PO
525375,Uzovský Šalgov,Sabinov,Prešovský,51,PO
525383,Varhaňovce,Prešov,Prešovský,51,PO
525391,Veľký Slivník,Prešov,Prešovský,51,PO
525405,Veľký Šariš,Prešov,Prešovský,51,PO
525413,Víťaz,Prešov,Prešovský,51,PO
525421,Vysoká,Sabinov,Prešovský,51,PO
525430,Vyšná Šebastová,Prešov,Prešovský,51,PO
525448,Záborské,Prešov,Prešovský,51,PO
525456,Záhradné,Prešov,Prešovský,51,PO
525472,Zlatá Baňa,Prešov,Prešovský,51,PO
525499,Žehňa,Prešov,Prešovský,51,PO
525502,Žipov,Prešov,Prešovský,51,PO
525511,Župčany,Prešov,Prešovský,51,PO
523399,Abrahámovce,Kežmarok,Prešovský,52,PP
523402,Batizovce,Poprad,Prešovský,52,PP
523411,Bušovce,Kežmarok,Prešovský,52,PP
523429,Červený Kláštor,Kežmarok,Prešovský,52,PP
526673,Čirč,Stará Ľubovňa,Prešovský,52,PP
526681,Ďurková,Stará Ľubovňa,Prešovský,52,PP
526690,Forbasy,Stará Ľubovňa,Prešovský,52,PP
523437,Gánovce,Poprad,Prešovský,52,PP
523445,Gerlachov,Poprad,Prešovský,52,PP
526703,Hajtovka,Stará Ľubovňa,Prešovský,52,PP
526711,Haligovce,Stará Ľubovňa,Prešovský,52,PP
523461,Havka,Kežmarok,Prešovský,52,PP
526720,Hniezdne,Stará Ľubovňa,Prešovský,52,PP
523470,Holumnica,Kežmarok,Prešovský,52,PP
523496,Hozelec,Poprad,Prešovský,52,PP
523488,Hôrka,Poprad,Prešovský,52,PP
523500,Hradisko,Kežmarok,Prešovský,52,PP
526738,Hraničné,Stará Ľubovňa,Prešovský,52,PP
523518,Hranovnica,Poprad,Prešovský,52,PP
526746,Hromoš,Stará Ľubovňa,Prešovský,52,PP
523526,Huncovce,Kežmarok,Prešovský,52,PP
526754,Chmeľnica,Stará Ľubovňa,Prešovský,52,PP
523534,Ihľany,Kežmarok,Prešovský,52,PP
526762,Jakubany,Stará Ľubovňa,Prešovský,52,PP
523542,Jánovce,Poprad,Prešovský,52,PP
526771,Jarabina,Stará Ľubovňa,Prešovský,52,PP
523551,Javorina (vojenský obvod),Kežmarok,Prešovský,52,PP
523569,Jezersko,Kežmarok,Prešovský,52,PP
523577,Jurské,Kežmarok,Prešovský,52,PP
526789,Kamienka,Stará Ľubovňa,Prešovský,52,PP
523585,Kežmarok,Kežmarok,Prešovský,52,PP
526797,Kolačkov,Stará Ľubovňa,Prešovský,52,PP
523593,Kravany,Poprad,Prešovský,52,PP
526801,Kremná,Stará Ľubovňa,Prešovský,52,PP
523607,Krížová Ves,Kežmarok,Prešovský,52,PP
526819,Kyjov,Stará Ľubovňa,Prešovský,52,PP
526827,Lacková,Stará Ľubovňa,Prešovský,52,PP
526835,Legnava,Stará Ľubovňa,Prešovský,52,PP
523615,Lechnica,Kežmarok,Prešovský,52,PP
523623,Lendak,Kežmarok,Prešovský,52,PP
526843,Lesnica,Stará Ľubovňa,Prešovský,52,PP
523631,Liptovská Teplička,Poprad,Prešovský,52,PP
526851,Litmanová,Stará Ľubovňa,Prešovský,52,PP
526860,Lomnička,Stará Ľubovňa,Prešovský,52,PP
523682,Ľubica,Kežmarok,Prešovský,52,PP
526878,Ľubotín,Stará Ľubovňa,Prešovský,52,PP
523658,Lučivná,Poprad,Prešovský,52,PP
523674,Majere,Kežmarok,Prešovský,52,PP
559938,Malá Franková,Kežmarok,Prešovský,52,PP
526886,Malý Lipník,Stará Ľubovňa,Prešovský,52,PP
581241,Malý Slavkov,Kežmarok,Prešovský,52,PP
523712,Matiašovce,Kežmarok,Prešovský,52,PP
526894,Matysová,Stará Ľubovňa,Prešovský,52,PP
523721,Mengusovce,Poprad,Prešovský,52,PP
523739,Mlynčeky,Kežmarok,Prešovský,52,PP
523747,Mlynica,Poprad,Prešovský,52,PP
526908,Mníšek nad Popradom,Stará Ľubovňa,Prešovský,52,PP
526916,Nižné Ružbachy,Stará Ľubovňa,Prešovský,52,PP
523763,Nová Lesná,Poprad,Prešovský,52,PP
526924,Nová Ľubovňa,Stará Ľubovňa,Prešovský,52,PP
526932,Obručné,Stará Ľubovňa,Prešovský,52,PP
526941,Orlov,Stará Ľubovňa,Prešovský,52,PP
523771,Osturňa,Kežmarok,Prešovský,52,PP
526959,Plaveč,Stará Ľubovňa,Prešovský,52,PP
526967,Plavnica,Stará Ľubovňa,Prešovský,52,PP
523780,Podhorany,Kežmarok,Prešovský,52,PP
526975,Podolínec,Stará Ľubovňa,Prešovský,52,PP
523381,Poprad,Poprad,Prešovský,52,PP
526983,Pusté Pole,Stará Ľubovňa,Prešovský,52,PP
523798,Rakúsy,Kežmarok,Prešovský,52,PP
523801,Reľov,Kežmarok,Prešovský,52,PP
526991,Ruská Voľa nad Popradom,Stará Ľubovňa,Prešovský,52,PP
523810,Slovenská Ves,Kežmarok,Prešovský,52,PP
523828,Spišská Belá,Kežmarok,Prešovský,52,PP
523836,Spišská Stará Ves,Kežmarok,Prešovský,52,PP
523844,Spišská Teplica,Poprad,Prešovský,52,PP
523852,Spišské Bystré,Poprad,Prešovský,52,PP
523861,Spišské Hanušovce,Kežmarok,Prešovský,52,PP
523879,Spišský Štiavnik,Poprad,Prešovský,52,PP
523887,Stará Lesná,Kežmarok,Prešovský,52,PP
526665,Stará Ľubovňa,Stará Ľubovňa,Prešovský,52,PP
527009,Starina,Stará Ľubovňa,Prešovský,52,PP
560103,Starý Smokovec,Poprad,Prešovský,52,PP
527017,Stráňany,Stará Ľubovňa,Prešovský,52,PP
523909,Stráne pod Tatrami,Kežmarok,Prešovský,52,PP
527025,Sulín,Stará Ľubovňa,Prešovský,52,PP
523925,Svit,Poprad,Prešovský,52,PP
527033,Šambron,Stará Ľubovňa,Prešovský,52,PP
527041,Šarišské Jastrabie,Stará Ľubovňa,Prešovský,52,PP
559890,Štôla,Poprad,Prešovský,52,PP
523933,Štrba,Poprad,Prešovský,52,PP
524107,Šuňava,Poprad,Prešovský,52,PP
523950,Švábovce,Poprad,Prešovský,52,PP
580368,Tatranská Javorina,Poprad,Prešovský,52,PP
523976,Toporec,Kežmarok,Prešovský,52,PP
523984,Tvarožná,Kežmarok,Prešovský,52,PP
527050,Údol,Stará Ľubovňa,Prešovský,52,PP
523992,Veľká Franková,Kežmarok,Prešovský,52,PP
527068,Veľká Lesná,Stará Ľubovňa,Prešovský,52,PP
524000,Veľká Lomnica,Kežmarok,Prešovský,52,PP
527076,Veľký Lipník,Stará Ľubovňa,Prešovský,52,PP
524018,Veľký Slavkov,Poprad,Prešovský,52,PP
524026,Vernár,Poprad,Prešovský,52,PP
524034,Vikartovce,Poprad,Prešovský,52,PP
527084,Vislanka,Stará Ľubovňa,Prešovský,52,PP
524042,Vlková,Kežmarok,Prešovský,52,PP
524051,Vlkovce,Kežmarok,Prešovský,52,PP
524069,Vojňany,Kežmarok,Prešovský,52,PP
524077,Vrbov,Kežmarok,Prešovský,52,PP
524085,Výborná,Kežmarok,Prešovský,52,PP
524093,Vydrník,Poprad,Prešovský,52,PP
560103,Vysoké Tatry,Poprad,Prešovský,52,PP
527092,Vyšné Ružbachy,Stará Ľubovňa,Prešovský,52,PP
524115,Zálesie,Kežmarok,Prešovský,52,PP
524123,Žakovce,Kežmarok,Prešovský,52,PP
524131,Ždiar,Poprad,Prešovský,52,PP
526363,Arnutovce,Spišská Nová Ves,Košický,53,SNVS
526371,Baldovce,Levoča,Prešovský,53,SNVS
526380,Beharovce,Levoča,Prešovský,53,SNVS
526398,Betlanovce,Spišská Nová Ves,Košický,53,SNVS
526401,Bijacovce,Levoča,Prešovský,53,SNVS
526410,Brutovce,Levoča,Prešovský,53,SNVS
526428,Buglovce,Levoča,Prešovský,53,SNVS
526436,Bystrany,Spišská Nová Ves,Košický,53,SNVS
526444,Danišovce,Spišská Nová Ves,Košický,53,SNVS
526452,Dlhé Stráže,Levoča,Prešovský,53,SNVS
526461,Doľany,Levoča,Prešovský,53,SNVS
526479,Domaňovce,Levoča,Prešovský,53,SNVS
526487,Dravce,Levoča,Prešovský,53,SNVS
526495,Dúbrava,Levoča,Prešovský,53,SNVS
526509,Gelnica,Gelnica,Košický,53,SNVS
526517,Granč - Petrovce,Levoča,Prešovský,53,SNVS
526525,Harakovce,Levoča,Prešovský,53,SNVS
526533,Harichovce,Spišská Nová Ves,Košický,53,SNVS
526541,Helcmanovce,Gelnica,Košický,53,SNVS
526550,Henclová,Gelnica,Košický,53,SNVS
526568,Hincovce,Spišská Nová Ves,Košický,53,SNVS
526576,Hnilčík,Spišská Nová Ves,Košický,53,SNVS
526584,Hnilec,Spišská Nová Ves,Košický,53,SNVS
526592,Hrabušice,Spišská Nová Ves,Košický,53,SNVS
543144,Hrišovce,Gelnica,Košický,53,SNVS
543152,Chrasť nad Hornádom,Spišská Nová Ves,Košický,53,SNVS
543161,Iliašovce,Spišská Nová Ves,Košický,53,SNVS
543179,Jablonov,Levoča,Prešovský,53,SNVS
543187,Jaklovce,Gelnica,Košický,53,SNVS
543195,Jamník,Spišská Nová Ves,Košický,53,SNVS
543209,Kaľava,Spišská Nová Ves,Košický,53,SNVS
543225,Klčov,Levoča,Prešovský,53,SNVS
543233,Kluknava,Gelnica,Košický,53,SNVS
543241,Kojšov,Gelnica,Košický,53,SNVS
543250,Kolinovce,Spišská Nová Ves,Košický,53,SNVS
581640,Korytné,Levoča,Prešovský,53,SNVS
543268,Krompachy,Spišská Nová Ves,Košický,53,SNVS
543276,Kurimany,Levoča,Prešovský,53,SNVS
543284,Letanovce,Spišská Nová Ves,Košický,53,SNVS
543292,Levoča,Levoča,Prešovský,53,SNVS
543306,Lieskovany,Spišská Nová Ves,Košický,53,SNVS
543314,Lúčka,Levoča,Prešovský,53,SNVS
543322,Margecany,Gelnica,Košický,53,SNVS
543331,Markušovce,Spišská Nová Ves,Košický,53,SNVS
543349,Matejovce,Spišská Nová Ves,Košický,53,SNVS
543357,Mlynky,Spišská Nová Ves,Košický,53,SNVS
543365,Mníšek nad Hnilcom,Gelnica,Košický,53,SNVS
543373,Nálepkovo,Gelnica,Košický,53,SNVS
543381,Nemešany,Levoča,Prešovský,53,SNVS
543390,Nižné Repaše,Levoča,Prešovský,53,SNVS
543403,Odorín,Spišská Nová Ves,Košický,53,SNVS
543411,Olcnava,Spišská Nová Ves,Košický,53,SNVS
543420,Oľšavica,Levoča,Prešovský,53,SNVS
543438,Oľšavka,Spišská Nová Ves,Košický,53,SNVS
543446,Ordzovany,Levoča,Prešovský,53,SNVS
543454,Pavľany,Levoča,Prešovský,53,SNVS
543462,Poľanovce,Levoča,Prešovský,53,SNVS
543471,Pongrácovce,Levoča,Prešovský,53,SNVS
543489,Poráč,Spišská Nová Ves,Košický,53,SNVS
543497,Prakovce,Gelnica,Košický,53,SNVS
543501,Richnava,Gelnica,Košický,53,SNVS
543519,Rudňany,Spišská Nová Ves,Košický,53,SNVS
543527,Slatvina,Spišská Nová Ves,Košický,53,SNVS
543535,Slovinky,Spišská Nová Ves,Košický,53,SNVS
560154,Smižany,Spišská Nová Ves,Košický,53,SNVS
543551,Smolnícka Huta,Gelnica,Košický,53,SNVS
543560,Smolník,Gelnica,Košický,53,SNVS
526355,Spišská Nová Ves,Spišská Nová Ves,Košický,53,SNVS
543578,Spišské Podhradie,Levoča,Prešovský,53,SNVS
543586,Spišské Tomášovce,Spišská Nová Ves,Košický,53,SNVS
543594,Spišské Vlachy,Spišská Nová Ves,Košický,53,SNVS
543608,Spišský Hrhov,Levoča,Prešovský,53,SNVS
543616,Spišský Hrušov,Spišská Nová Ves,Košický,53,SNVS
543624,Spišský Štvrtok,Levoča,Prešovský,53,SNVS
543632,Stará Voda,Gelnica,Košický,53,SNVS
543641,Studenec,Levoča,Prešovský,53,SNVS
543659,Švedlár,Gelnica,Košický,53,SNVS
543667,Teplička,Spišská Nová Ves,Košický,53,SNVS
543675,Torysky,Levoča,Prešovský,53,SNVS
543683,Úhorná,Gelnica,Košický,53,SNVS
543691,Uloža,Levoča,Prešovský,53,SNVS
543705,Veľký Folkmar,Gelnica,Košický,53,SNVS
543713,Vítkovce,Spišská Nová Ves,Košický,53,SNVS
543721,Vojkovce,Spišská Nová Ves,Košický,53,SNVS
526606,Vyšné Repaše,Levoča,Prešovský,53,SNVS
526614,Vyšný Slavkov,Levoča,Prešovský,53,SNVS
526631,Závadka,Gelnica,Košický,53,SNVS
526649,Žakarovce,Gelnica,Košický,53,SNVS
526657,Žehra,Spišská Nová Ves,Košický,53,SNVS
519014,Abrahámovce,Bardejov,Prešovský,54,BARD
519022,Andrejová,Bardejov,Prešovský,54,BARD
527114,Baňa,Stropkov,Prešovský,54,BARD
519006,Bardejov,Bardejov,Prešovský,54,BARD
519049,Bartošovce,Bardejov,Prešovský,54,BARD
519057,Becherov,Bardejov,Prešovský,54,BARD
527122,Belejovce,Svidník,Prešovský,54,BARD
519065,Beloveža,Bardejov,Prešovský,54,BARD
527131,Beňadikovce,Svidník,Prešovský,54,BARD
527149,Bodružal,Svidník,Prešovský,54,BARD
519073,Bogliarka,Bardejov,Prešovský,54,BARD
527157,Breznica,Stropkov,Prešovský,54,BARD
527165,Breznička,Stropkov,Prešovský,54,BARD
519081,Brezov,Bardejov,Prešovský,54,BARD
519090,Brezovka,Bardejov,Prešovský,54,BARD
527173,Brusnica,Stropkov,Prešovský,54,BARD
519103,Buclovany,Bardejov,Prešovský,54,BARD
527181,Bukovce,Stropkov,Prešovský,54,BARD
527190,Bystrá,Stropkov,Prešovský,54,BARD
527203,Bžany,Stropkov,Prešovský,54,BARD
527211,Cernina,Svidník,Prešovský,54,BARD
519111,Cigeľka,Bardejov,Prešovský,54,BARD
527220,Cigla,Svidník,Prešovský,54,BARD
527238,Dlhoňa,Svidník,Prešovský,54,BARD
527246,Dobroslava,Svidník,Prešovský,54,BARD
519138,Dubinné,Bardejov,Prešovský,54,BARD
527254,Dubová,Svidník,Prešovský,54,BARD
580601,Dukovce,Svidník,Prešovský,54,BARD
527262,Duplín,Stropkov,Prešovský,54,BARD
527271,Fijaš,Svidník,Prešovský,54,BARD
519154,Frička,Bardejov,Prešovský,54,BARD
519162,Fričkovce,Bardejov,Prešovský,54,BARD
519171,Gaboltov,Bardejov,Prešovský,54,BARD
519189,Gerlachov,Bardejov,Prešovský,54,BARD
519197,Giraltovce,Svidník,Prešovský,54,BARD
527289,Gribov,Stropkov,Prešovský,54,BARD
519201,Hankovce,Bardejov,Prešovský,54,BARD
519219,Harhaj,Bardejov,Prešovský,54,BARD
527297,Havaj,Stropkov,Prešovský,54,BARD
527301,Havranec,Svidník,Prešovský,54,BARD
519227,Hažlín,Bardejov,Prešovský,54,BARD
519235,Hertník,Bardejov,Prešovský,54,BARD
519243,Hervartov,Bardejov,Prešovský,54,BARD
527319,Hrabovčík,Svidník,Prešovský,54,BARD
519251,Hrabovec,Bardejov,Prešovský,54,BARD
519260,Hrabské,Bardejov,Prešovský,54,BARD
527327,Hunkovce,Svidník,Prešovský,54,BARD
519278,Hutka,Bardejov,Prešovský,54,BARD
519286,Chmeľová,Bardejov,Prešovský,54,BARD
527335,Chotča,Stropkov,Prešovský,54,BARD
527343,Jakušovce,Stropkov,Prešovský,54,BARD
519294,Janovce,Bardejov,Prešovský,54,BARD
519308,Jedlinka,Bardejov,Prešovský,54,BARD
527351,Jurkova Voľa,Svidník,Prešovský,54,BARD
519316,Kalnište,Svidník,Prešovský,54,BARD
527360,Kapišová,Svidník,Prešovský,54,BARD
527378,Kečkovce,Svidník,Prešovský,54,BARD
519324,Kľušov,Bardejov,Prešovský,54,BARD
519332,Kobylnice,Svidník,Prešovský,54,BARD
519341,Kobyly,Bardejov,Prešovský,54,BARD
519359,Kochanovce,Bardejov,Prešovský,54,BARD
527386,Kolbovce,Stropkov,Prešovský,54,BARD
519367,Komárov,Bardejov,Prešovský,54,BARD
519375,Koprivnica,Bardejov,Prešovský,54,BARD
527394,Korejovce,Svidník,Prešovský,54,BARD
527408,Korunková,Stropkov,Prešovský,54,BARD
519383,Kožany,Bardejov,Prešovský,54,BARD
527416,Kožuchovce,Stropkov,Prešovský,54,BARD
519391,Kračúnovce,Svidník,Prešovský,54,BARD
527424,Krajná Bystrá,Svidník,Prešovský,54,BARD
527432,Krajná Poľana,Svidník,Prešovský,54,BARD
527441,Krajná Porúbka,Svidník,Prešovský,54,BARD
527459,Krajné Čierno,Svidník,Prešovský,54,BARD
527467,Krišľovce,Stropkov,Prešovský,54,BARD
519405,Krivé,Bardejov,Prešovský,54,BARD
519413,Kríže,Bardejov,Prešovský,54,BARD
527793,Kručov,Stropkov,Prešovský,54,BARD
527475,Krušinec,Stropkov,Prešovský,54,BARD
519421,Kružlov,Bardejov,Prešovský,54,BARD
527483,Kružlová,Svidník,Prešovský,54,BARD
519430,Kučín,Bardejov,Prešovský,54,BARD
519448,Kuková,Svidník,Prešovský,54,BARD
519456,Kurima,Bardejov,Prešovský,54,BARD
527491,Kurimka,Svidník,Prešovský,54,BARD
519464,Kurov,Bardejov,Prešovský,54,BARD
527505,Ladomirová,Svidník,Prešovský,54,BARD
519472,Lascov,Bardejov,Prešovský,54,BARD
519481,Lenartov,Bardejov,Prešovský,54,BARD
519499,Lipová,Bardejov,Prešovský,54,BARD
519502,Livov,Bardejov,Prešovský,54,BARD
519511,Livovská Huta,Bardejov,Prešovský,54,BARD
527513,Lomné,Stropkov,Prešovský,54,BARD
519529,Lopúchov,Bardejov,Prešovský,54,BARD
519537,Lúčka,Svidník,Prešovský,54,BARD
519545,Lukavica,Bardejov,Prešovský,54,BARD
519553,Lukov,Bardejov,Prešovský,54,BARD
519561,Lužany pri Topli,Svidník,Prešovský,54,BARD
527521,Makovce,Stropkov,Prešovský,54,BARD
527530,Malá Poľana,Stropkov,Prešovský,54,BARD
519570,Malcov,Bardejov,Prešovský,54,BARD
519588,Marhaň,Bardejov,Prešovský,54,BARD
527548,Matovce,Svidník,Prešovský,54,BARD
527556,Medvedie,Svidník,Prešovský,54,BARD
527564,Mestisko,Svidník,Prešovský,54,BARD
519596,Mičakovce,Svidník,Prešovský,54,BARD
527572,Miková,Stropkov,Prešovský,54,BARD
519600,Mikulášová,Bardejov,Prešovský,54,BARD
527581,Miňovce,Stropkov,Prešovský,54,BARD
527599,Miroľa,Svidník,Prešovský,54,BARD
527602,Mlynárovce,Svidník,Prešovský,54,BARD
519618,Mokroluh,Bardejov,Prešovský,54,BARD
527611,Mrázovce,Stropkov,Prešovský,54,BARD
519626,Nemcovce,Bardejov,Prešovský,54,BARD
527629,Nižná Jedľová,Svidník,Prešovský,54,BARD
527637,Nižná Olšava,Stropkov,Prešovský,54,BARD
527645,Nižná Pisaná,Svidník,Prešovský,54,BARD
519634,Nižná Polianka,Bardejov,Prešovský,54,BARD
519642,Nižná Voľa,Bardejov,Prešovský,54,BARD
527653,Nižný Komárnik,Svidník,Prešovský,54,BARD
527661,Nižný Mirošov,Svidník,Prešovský,54,BARD
527670,Nižný Orlík,Svidník,Prešovský,54,BARD
519669,Nižný Tvarožec,Bardejov,Prešovský,54,BARD
527688,Nová Polianka,Svidník,Prešovský,54,BARD
527696,Okrúhle,Svidník,Prešovský,54,BARD
519677,Oľšavce,Bardejov,Prešovský,54,BARD
527700,Oľšavka,Stropkov,Prešovský,54,BARD
519685,Ondavka,Bardejov,Prešovský,54,BARD
519693,Ortuťová,Bardejov,Prešovský,54,BARD
519707,Osikov,Bardejov,Prešovský,54,BARD
519715,Petrová,Bardejov,Prešovský,54,BARD
519723,Poliakovce,Bardejov,Prešovský,54,BARD
519731,Porúbka,Bardejov,Prešovský,54,BARD
527726,Potoky,Stropkov,Prešovský,54,BARD
527718,Potôčky,Stropkov,Prešovský,54,BARD
527734,Príkra,Svidník,Prešovský,54,BARD
527742,Pstriná,Svidník,Prešovský,54,BARD
527751,Radoma,Svidník,Prešovský,54,BARD
527769,Rakovčík,Svidník,Prešovský,54,BARD
519936,Raslavice,Bardejov,Prešovský,54,BARD
519740,Regetovka,Bardejov,Prešovský,54,BARD
519758,Rešov,Bardejov,Prešovský,54,BARD
519766,Richvald,Bardejov,Prešovský,54,BARD
519774,Rokytov,Bardejov,Prešovský,54,BARD
527777,Rovné,Svidník,Prešovský,54,BARD
527785,Roztoky,Svidník,Prešovský,54,BARD
519782,Smilno,Bardejov,Prešovský,54,BARD
519791,Snakov,Bardejov,Prešovský,54,BARD
527807,Soboš,Svidník,Prešovský,54,BARD
527815,Soľník,Stropkov,Prešovský,54,BARD
527823,Staškovce,Stropkov,Prešovský,54,BARD
519804,Stebnícka Huta,Bardejov,Prešovský,54,BARD
519812,Stebník,Bardejov,Prešovský,54,BARD
527831,Stročín,Svidník,Prešovský,54,BARD
527840,Stropkov,Stropkov,Prešovský,54,BARD
519821,Stuľany,Bardejov,Prešovský,54,BARD
519839,Sveržov,Bardejov,Prešovský,54,BARD
527858,Svidnička,Svidník,Prešovský,54,BARD
527106,Svidník,Svidník,Prešovský,54,BARD
527866,Šandal,Stropkov,Prešovský,54,BARD
527874,Šarbov,Svidník,Prešovský,54,BARD
519847,Šarišské Čierne,Bardejov,Prešovský,54,BARD
527882,Šarišský Štiavnik,Svidník,Prešovský,54,BARD
519855,Šašová,Bardejov,Prešovský,54,BARD
527891,Šemetkovce,Svidník,Prešovský,54,BARD
519863,Šiba,Bardejov,Prešovský,54,BARD
527904,Štefurov,Svidník,Prešovský,54,BARD
519871,Tarnov,Bardejov,Prešovský,54,BARD
527912,Tisinec,Stropkov,Prešovský,54,BARD
527921,Tokajík,Stropkov,Prešovský,54,BARD
519880,Tročany,Bardejov,Prešovský,54,BARD
527939,Turany nad Ondavou,Stropkov,Prešovský,54,BARD
527947,Vagrinec,Svidník,Prešovský,54,BARD
527955,Valkovce,Svidník,Prešovský,54,BARD
518964,Vaniškovce,Bardejov,Prešovský,54,BARD
527963,Vápeník,Svidník,Prešovský,54,BARD
519901,Varadka,Bardejov,Prešovský,54,BARD
527971,Varechovce,Stropkov,Prešovský,54,BARD
527980,Veľkrop,Stropkov,Prešovský,54,BARD
527998,Vislava,Stropkov,Prešovský,54,BARD
528005,Vladiča,Stropkov,Prešovský,54,BARD
528013,Vojtovce,Stropkov,Prešovský,54,BARD
528021,Vyškovce,Stropkov,Prešovský,54,BARD
528030,Vyšná Jedľová,Svidník,Prešovský,54,BARD
528048,Vyšná Olšava,Stropkov,Prešovský,54,BARD
528056,Vyšná Pisaná,Svidník,Prešovský,54,BARD
519910,Vyšná Polianka,Bardejov,Prešovský,54,BARD
519928,Vyšná Voľa,Bardejov,Prešovský,54,BARD
560073,Vyšný Hrabovec,Stropkov,Prešovský,54,BARD
528064,Vyšný Komárnik,Svidník,Prešovský,54,BARD
519944,Vyšný Kručov,Bardejov,Prešovský,54,BARD
528072,Vyšný Mirošov,Svidník,Prešovský,54,BARD
528081,Vyšný Orlík,Svidník,Prešovský,54,BARD
519952,Vyšný Tvarožec,Bardejov,Prešovský,54,BARD
519961,Zborov,Bardejov,Prešovský,54,BARD
519979,Zlaté,Bardejov,Prešovský,54,BARD
519987,Železník,Svidník,Prešovský,54,BARD
519995,Želmanovce,Svidník,Prešovský,54,BARD
521141,Bačkovík,Košice - okolie,Košický,55,KE
521159,Baška,Košice - okolie,Košický,55,KE
521167,Belža,Košice - okolie,Košický,55,KE
521175,Beniakovce,Košice - okolie,Košický,55,KE
521183,Bidovce,Košice - okolie,Košický,55,KE
521191,Blažice,Košice - okolie,Košický,55,KE
559831,Bočiar,Košice - okolie,Košický,55,KE
521205,Bohdanovce,Košice - okolie,Košický,55,KE
521213,Boliarov,Košice - okolie,Košický,55,KE
521221,Budimír,Košice - okolie,Košický,55,KE
521248,Bukovec,Košice - okolie,Košický,55,KE
521256,Bunetice,Košice - okolie,Košický,55,KE
521264,Buzica,Košice - okolie,Košický,55,KE
521272,Cestice,Košice - okolie,Košický,55,KE
521281,Čakanovce,Košice - okolie,Košický,55,KE
521299,Čaňa,Košice - okolie,Košický,55,KE
521302,Čečejovce,Košice - okolie,Košický,55,KE
521311,Čižatice,Košice - okolie,Košický,55,KE
521329,Debraď,Košice - okolie,Košický,55,KE
521337,Drienovec,Košice - okolie,Košický,55,KE
521345,Družstevná pri Hornáde,Košice - okolie,Košický,55,KE
521353,Ďurďošík,Košice - okolie,Košický,55,KE
521361,Ďurkov,Košice - okolie,Košický,55,KE
559873,Dvorníky - Včeláre,Košice - okolie,Košický,55,KE
521370,Geča,Košice - okolie,Košický,55,KE
521388,Gyňov,Košice - okolie,Košický,55,KE
521396,Hačava,Košice - okolie,Košický,55,KE
518123,Háj,Košice - okolie,Košický,55,KE
521400,Haniska,Košice - okolie,Košický,55,KE
521418,Herľany,Košice - okolie,Košický,55,KE
521426,Hodkovce,Košice - okolie,Košický,55,KE
518107,Hosťovce,Košice - okolie,Košický,55,KE
521442,Hrašovík,Košice - okolie,Košický,55,KE
521469,Hýľov,Košice - okolie,Košický,55,KE
599310,Chorváty,Košice - okolie,Košický,55,KE
521477,Chrastné,Košice - okolie,Košický,55,KE
521485,Janík,Košice - okolie,Košický,55,KE
521493,Jasov,Košice - okolie,Košický,55,KE
521507,Kalša,Košice - okolie,Košický,55,KE
521523,Kecerovce,Košice - okolie,Košický,55,KE
521540,Kecerovský Lipovec,Košice - okolie,Košický,55,KE
559687,Kechnec,Košice - okolie,Košický,55,KE
521558,Kokšov  - Bakša,Košice - okolie,Košický,55,KE
521566,Komárovce,Košice - okolie,Košický,55,KE
599981,Košice,,Košický,55,KE
599093,Košice - mestská časť Barca,Košice IV,Košický,55,KE
598682,Košice - mestská časť Dargovských hrdinov,Košice III,Košický,55,KE
599891,Košice - mestská časť Džungľa,Košice I,Košický,55,KE
599824,Košice - mestská časť Juh,Košice IV,Košický,55,KE
598119,Košice - mestská časť Kavečany,Košice I,Košický,55,KE
599018,Košice - mestská časť Košická Nová Ves,Košice III,Košický,55,KE
599794,Košice - mestská časť Krásna,Košice IV,Košický,55,KE
598194,Košice - mestská časť Lorinčík,Košice II,Košický,55,KE
599972,Košice - mestská časť Luník IX,Košice II,Košický,55,KE
598216,Košice - mestská časť Myslava,Košice II,Košický,55,KE
599816,Košice - mestská časť Nad jazerom,Košice IV,Košický,55,KE
598208,Košice - mestská časť Pereš,Košice II,Košický,55,KE
599859,Košice - mestská časť Poľov,Košice II,Košický,55,KE
598151,Košice - mestská časť Sever,Košice I,Košický,55,KE
599883,Košice - mestská časť Sídlisko KVP,Košice II,Košický,55,KE
599875,Košice - mestská časť Sídlisko Ťahanovce,Košice I,Košický,55,KE
598186,Košice - mestská časť Staré Mesto,Košice I,Košický,55,KE
599841,Košice - mestská časť Šaca,Košice II,Košický,55,KE
599786,Košice - mestská časť Šebastovce,Košice IV,Košický,55,KE
598127,Košice - mestská časť Ťahanovce,Košice I,Košický,55,KE
599913,Košice - mestská časť Vyšné Opátske,Košice IV,Košický,55,KE
598224,Košice - mestská časť Západ,Košice II,Košický,55,KE
521574,Košická Belá,Košice - okolie,Košický,55,KE
521582,Košická Polianka,Košice - okolie,Košický,55,KE
521591,Košické Oľšany,Košice - okolie,Košický,55,KE
521604,Košický Klečenov,Košice - okolie,Košický,55,KE
521612,Kráľovce,Košice - okolie,Košický,55,KE
521639,Kysak,Košice - okolie,Košický,55,KE
521655,Malá Ida,Košice - okolie,Košický,55,KE
521663,Malá Lodina,Košice - okolie,Košický,55,KE
521671,Medzev,Košice - okolie,Košický,55,KE
580252,Milhosť,Košice - okolie,Košický,55,KE
521680,Mokrance,Košice - okolie,Košický,55,KE
521698,Moldava nad Bodvou,Košice - okolie,Košický,55,KE
521701,Mudrovce,Košice - okolie,Košický,55,KE
518140,Nižná Hutka,Košice - okolie,Košický,55,KE
521728,Nižná Kamenica,Košice - okolie,Košický,55,KE
521736,Nižná Myšľa,Košice - okolie,Košický,55,KE
521744,Nižný Čaj,Košice - okolie,Košický,55,KE
521752,Nižný Klátov,Košice - okolie,Košický,55,KE
521761,Nižný Lánec,Košice - okolie,Košický,55,KE
521795,Nová Polhora,Košice - okolie,Košický,55,KE
521787,Nováčany,Košice - okolie,Košický,55,KE
521809,Nový Salaš,Košice - okolie,Košický,55,KE
521817,Obišovce,Košice - okolie,Košický,55,KE
521825,Olšovany,Košice - okolie,Košický,55,KE
521833,Opátka,Košice - okolie,Košický,55,KE
521841,Opiná,Košice - okolie,Košický,55,KE
521850,Paňovce,Košice - okolie,Košický,55,KE
521868,Peder,Košice - okolie,Košický,55,KE
521876,Perín - Chym,Košice - okolie,Košický,55,KE
521884,Ploské,Košice - okolie,Košický,55,KE
521892,Poproč,Košice - okolie,Košický,55,KE
521906,Rákoš,Košice - okolie,Košický,55,KE
521914,Rankovce,Košice - okolie,Košický,55,KE
521922,Rešica,Košice - okolie,Košický,55,KE
521931,Rozhanovce,Košice - okolie,Košický,55,KE
521949,Rudník,Košice - okolie,Košický,55,KE
521957,Ruskov,Košice - okolie,Košický,55,KE
521965,Sady nad Torysou,Košice - okolie,Košický,55,KE
521973,Seňa,Košice - okolie,Košický,55,KE
521981,Skároš,Košice - okolie,Košický,55,KE
518115,Slančík,Košice - okolie,Košický,55,KE
522007,Slanec,Košice - okolie,Košický,55,KE
522015,Slanská Huta,Košice - okolie,Košický,55,KE
522023,Slanské Nové Mesto,Košice - okolie,Košický,55,KE
522031,Sokoľ,Košice - okolie,Košický,55,KE
559865,Sokoľany,Košice - okolie,Košický,55,KE
522040,Svinica,Košice - okolie,Košický,55,KE
522066,Šemša,Košice - okolie,Košický,55,KE
522074,Štós,Košice - okolie,Košický,55,KE
522082,Trebejov,Košice - okolie,Košický,55,KE
522091,Trsťany,Košice - okolie,Košický,55,KE
522104,Trstené pri Hornáde,Košice - okolie,Košický,55,KE
559784,Turňa nad Bodvou,Košice - okolie,Košický,55,KE
521779,Turnianska Nová Ves,Košice - okolie,Košický,55,KE
522121,Vajkovce,Košice - okolie,Košický,55,KE
522139,Valaliky,Košice - okolie,Košický,55,KE
522147,Veľká Ida,Košice - okolie,Košický,55,KE
522155,Veľká Lodina,Košice - okolie,Košický,55,KE
522163,Vtáčkovce,Košice - okolie,Košický,55,KE
522171,Vyšná Hutka,Košice - okolie,Košický,55,KE
522180,Vyšná Kamenica,Košice - okolie,Košický,55,KE
522198,Vyšná Myšľa,Košice - okolie,Košický,55,KE
522201,Vyšný Čaj,Košice - okolie,Košický,55,KE
522210,Vyšný Klátov,Košice - okolie,Košický,55,KE
582093,Vyšný Medzev,Košice - okolie,Košický,55,KE
559881,Zádiel,Košice - okolie,Košický,55,KE
522244,Zlatá Idka,Košice - okolie,Košický,55,KE
522252,Žarnov,Košice - okolie,Košický,55,KE
522261,Ždaňa,Košice - okolie,Košický,55,KE
528102,Bačka,Trebišov,Košický,56,MICH
528111,Bačkov,Trebišov,Košický,56,MICH
522287,Bajany,Michalovce,Košický,56,MICH
522295,Bánovce nad Ondavou,Michalovce,Košický,56,MICH
528129,Bara,Trebišov,Košický,56,MICH
522309,Baškovce,Sobrance,Košický,56,MICH
522317,Beňatina,Sobrance,Košický,56,MICH
528137,Beša,Michalovce,Košický,56,MICH
522325,Bežovce,Sobrance,Košický,56,MICH
528145,Biel,Trebišov,Košický,56,MICH
522333,Blatná Polianka,Sobrance,Košický,56,MICH
522341,Blatné Remety,Sobrance,Košický,56,MICH
522350,Blatné Revištia,Sobrance,Košický,56,MICH
528161,Boľ,Trebišov,Košický,56,MICH
528170,Borša,Trebišov,Košický,56,MICH
528188,Boťany,Trebišov,Košický,56,MICH
522368,Bracovce,Michalovce,Košický,56,MICH
528200,Brehov,Trebišov,Košický,56,MICH
528218,Brezina,Trebišov,Košický,56,MICH
513857,Budince,Michalovce,Košický,56,MICH
522376,Budkovce,Michalovce,Košický,56,MICH
522384,Bunkovce,Sobrance,Košický,56,MICH
528226,Byšta,Trebišov,Košický,56,MICH
528234,Cejkov,Trebišov,Košický,56,MICH
522392,Čečehov,Michalovce,Košický,56,MICH
528242,Čeľovce,Trebišov,Košický,56,MICH
528251,Čerhov,Trebišov,Košický,56,MICH
528269,Černochov,Trebišov,Košický,56,MICH
528277,Čičarovce,Michalovce,Košický,56,MICH
528285,Čierna,Trebišov,Košický,56,MICH
528293,Čierna nad Tisou,Trebišov,Košický,56,MICH
528307,Čierne Pole,Michalovce,Košický,56,MICH
528315,Dargov,Trebišov,Košický,56,MICH
528323,Dobrá,Trebišov,Košický,56,MICH
528331,Drahňov,Michalovce,Košický,56,MICH
522406,Dúbravka,Michalovce,Košický,56,MICH
528340,Dvorianky,Trebišov,Košický,56,MICH
528358,Egreš,Trebišov,Košický,56,MICH
522414,Falkušovce,Michalovce,Košický,56,MICH
522422,Fekišovce,Sobrance,Košický,56,MICH
522431,Hatalov,Michalovce,Košický,56,MICH
522449,Hažín,Michalovce,Košický,56,MICH
522457,Hlivištia,Sobrance,Košický,56,MICH
522465,Hnojné,Michalovce,Košický,56,MICH
522473,Horňa,Sobrance,Košický,56,MICH
522481,Horovce,Michalovce,Košický,56,MICH
528366,Hraň,Trebišov,Košický,56,MICH
528374,Hrčeľ,Trebišov,Košický,56,MICH
528382,Hriadky,Trebišov,Košický,56,MICH
522490,Husák,Sobrance,Košický,56,MICH
522503,Choňkovce,Sobrance,Košický,56,MICH
522511,Iňačovce,Michalovce,Košický,56,MICH
522520,Inovce,Sobrance,Košický,56,MICH
528391,Ižkovce,Michalovce,Košický,56,MICH
522538,Jasenov,Sobrance,Košický,56,MICH
522546,Jastrabie pri Michalovciach,Michalovce,Košický,56,MICH
522554,Jenkovce,Sobrance,Košický,56,MICH
522562,Jovsa,Michalovce,Košický,56,MICH
522571,Kačanov,Michalovce,Košický,56,MICH
522589,Kaluža,Michalovce,Košický,56,MICH
528404,Kapušianske Kľačany,Michalovce,Košický,56,MICH
528412,Kašov,Trebišov,Košický,56,MICH
528421,Kazimír,Trebišov,Košický,56,MICH
513831,Klin nad Bodrogom,Trebišov,Košický,56,MICH
522597,Klokočov,Michalovce,Košický,56,MICH
522601,Kolibabovce,Sobrance,Košický,56,MICH
522627,Koňuš,Sobrance,Košický,56,MICH
522643,Koromľa,Sobrance,Košický,56,MICH
528439,Kožuchov,Trebišov,Košický,56,MICH
528447,Kráľovský Chlmec,Trebišov,Košický,56,MICH
522651,Krásnovce,Michalovce,Košický,56,MICH
528455,Kravany,Trebišov,Košický,56,MICH
522660,Krčava,Sobrance,Košický,56,MICH
522678,Kristy,Sobrance,Košický,56,MICH
528463,Krišovská Liesková,Michalovce,Košický,56,MICH
522686,Kusín,Michalovce,Košický,56,MICH
528471,Kuzmice,Trebišov,Košický,56,MICH
528480,Kysta,Trebišov,Košický,56,MICH
528498,Ladmovce,Trebišov,Košický,56,MICH
522694,Lastomír,Michalovce,Košický,56,MICH
528501,Lastovce,Trebišov,Košický,56,MICH
522708,Laškovce,Michalovce,Košický,56,MICH
522716,Lekárovce,Sobrance,Košický,56,MICH
528510,Leles,Trebišov,Košický,56,MICH
522724,Lesné,Michalovce,Košický,56,MICH
522732,Ložín,Michalovce,Košický,56,MICH
522741,Lúčky,Michalovce,Košický,56,MICH
528528,Luhyňa,Trebišov,Košický,56,MICH
513792,Malá Tŕňa,Trebišov,Košický,56,MICH
522759,Malčice,Michalovce,Košický,56,MICH
528536,Malé Ozorovce,Trebišov,Košický,56,MICH
522767,Malé Raškovce,Michalovce,Košický,56,MICH
528544,Malé Trakany,Trebišov,Košický,56,MICH
528552,Malý Horeš,Trebišov,Košický,56,MICH
528561,Malý Kamenec,Trebišov,Košický,56,MICH
522783,Markovce,Michalovce,Košický,56,MICH
528579,Maťovské Vojkovce,Michalovce,Košický,56,MICH
528587,Michaľany,Trebišov,Košický,56,MICH
522279,Michalovce,Michalovce,Košický,56,MICH
522791,Moravany,Michalovce,Košický,56,MICH
522805,Nacina Ves,Michalovce,Košický,56,MICH
522813,Nižná Rybnica,Sobrance,Košický,56,MICH
522821,Nižné Nemecké,Sobrance,Košický,56,MICH
528609,Nižný Žipov,Trebišov,Košický,56,MICH
528617,Novosad,Trebišov,Košický,56,MICH
528625,Nový Ruskov,Trebišov,Košický,56,MICH
528633,Oborín,Michalovce,Košický,56,MICH
522830,Orechová,Sobrance,Košický,56,MICH
522848,Oreské,Michalovce,Košický,56,MICH
522856,Ostrov,Sobrance,Košický,56,MICH
522864,Palín,Michalovce,Košický,56,MICH
528676,Parchovany,Trebišov,Košický,56,MICH
522872,Pavlovce nad Uhom,Michalovce,Košický,56,MICH
522881,Petrikovce,Michalovce,Košický,56,MICH
522899,Petrovce,Sobrance,Košický,56,MICH
522902,Petrovce nad Laborcom,Michalovce,Košický,56,MICH
522911,Pinkovce,Sobrance,Košický,56,MICH
528641,Plechotice,Trebišov,Košický,56,MICH
522929,Podhoroď,Sobrance,Košický,56,MICH
528668,Poľany,Trebišov,Košický,56,MICH
522937,Porostov,Sobrance,Košický,56,MICH
522945,Poruba pod Vihorlatom,Michalovce,Košický,56,MICH
522953,Porúbka,Sobrance,Košický,56,MICH
522961,Pozdišovce,Michalovce,Košický,56,MICH
528684,Pribeník,Trebišov,Košický,56,MICH
522970,Priekopa,Sobrance,Košický,56,MICH
528692,Ptrukša,Michalovce,Košický,56,MICH
522988,Pusté Čemerné,Michalovce,Košický,56,MICH
528706,Rad,Trebišov,Košický,56,MICH
522996,Rakovec nad Ondavou,Michalovce,Košický,56,MICH
523003,Remetské Hámre,Sobrance,Košický,56,MICH
528714,Ruská,Michalovce,Košický,56,MICH
523011,Ruská Bystrá,Sobrance,Košický,56,MICH
523020,Ruskovce,Sobrance,Košický,56,MICH
523038,Ruský Hrabovec,Sobrance,Košický,56,MICH
528722,Sečovce,Trebišov,Košický,56,MICH
523046,Sejkov,Sobrance,Košický,56,MICH
523054,Senné,Michalovce,Košický,56,MICH
543730,Sirník,Trebišov,Košický,56,MICH
523062,Slavkovce,Michalovce,Košický,56,MICH
523071,Sliepkovce,Michalovce,Košický,56,MICH
543748,Slivník,Trebišov,Košický,56,MICH
543756,Slovenské Nové Mesto,Trebišov,Košický,56,MICH
523089,Sobrance,Sobrance,Košický,56,MICH
543764,Soľnička,Trebišov,Košický,56,MICH
543772,Somotor,Trebišov,Košický,56,MICH
513849,Stanča,Trebišov,Košický,56,MICH
543781,Stankovce,Trebišov,Košický,56,MICH
523097,Staré,Michalovce,Košický,56,MICH
543799,Strážne,Trebišov,Košický,56,MICH
523101,Strážske,Michalovce,Košický,56,MICH
543802,Streda nad Bodrogom,Trebišov,Košický,56,MICH
523119,Stretava,Michalovce,Košický,56,MICH
523127,Stretavka,Michalovce,Košický,56,MICH
523135,Suché,Michalovce,Košický,56,MICH
528153,Svätá Mária,Trebišov,Košický,56,MICH
523143,Svätuš,Sobrance,Košický,56,MICH
528650,Svätuše,Trebišov,Košický,56,MICH
543811,Svinice,Trebišov,Košický,56,MICH
523151,Šamudovce,Michalovce,Košický,56,MICH
523160,Tašuľa,Sobrance,Košický,56,MICH
523178,Tibava,Sobrance,Košický,56,MICH
528099,Trebišov,Trebišov,Košický,56,MICH
523186,Trhovište,Michalovce,Košický,56,MICH
523194,Trnava pri Laborci,Michalovce,Košický,56,MICH
543829,Trnávka,Trebišov,Košický,56,MICH
523208,Tušice,Michalovce,Košický,56,MICH
523216,Tušická Nová Ves,Michalovce,Košický,56,MICH
523224,Úbrež,Sobrance,Košický,56,MICH
543845,Veľaty,Trebišov,Košický,56,MICH
513806,Veľká Tŕňa,Trebišov,Košický,56,MICH
543853,Veľké Kapušany,Michalovce,Košický,56,MICH
543861,Veľké Ozorovce,Trebišov,Košický,56,MICH
543870,Veľké Raškovce,Michalovce,Košický,56,MICH
523232,Veľké Revištia,Sobrance,Košický,56,MICH
543888,Veľké Slemence,Michalovce,Košický,56,MICH
543896,Veľké Trakany,Trebišov,Košický,56,MICH
543900,Veľký Horeš,Trebišov,Košický,56,MICH
543918,Veľký Kamenec,Trebišov,Košický,56,MICH
543926,Viničky,Trebišov,Košický,56,MICH
523259,Vinné,Michalovce,Košický,56,MICH
543934,Višňov,Trebišov,Košický,56,MICH
543942,Vojany,Michalovce,Košický,56,MICH
543951,Vojčice,Trebišov,Košický,56,MICH
543969,Vojka,Trebišov,Košický,56,MICH
523267,Vojnatina,Sobrance,Košický,56,MICH
523275,Voľa,Michalovce,Košický,56,MICH
523283,Vrbnica,Michalovce,Košický,56,MICH
523291,Vysoká nad Uhom,Michalovce,Košický,56,MICH
523305,Vyšná Rybnica,Sobrance,Košický,56,MICH
523313,Vyšné Nemecké,Sobrance,Košický,56,MICH
523321,Vyšné Remety,Sobrance,Košický,56,MICH
523330,Záhor,Sobrance,Košický,56,MICH
523241,Zalužice,Michalovce,Košický,56,MICH
543977,Zatín,Trebišov,Košický,56,MICH
523348,Závadka,Michalovce,Košický,56,MICH
543985,Zbehňov,Trebišov,Košický,56,MICH
523356,Zbudza,Michalovce,Košický,56,MICH
543993,Zemplín,Trebišov,Košický,56,MICH
544001,Zemplínska Nová Ves,Trebišov,Košický,56,MICH
523364,Zemplínska Široká,Michalovce,Košický,56,MICH
544019,Zemplínska Teplica,Trebišov,Košický,56,MICH
544027,Zemplínske Hradište,Trebišov,Košický,56,MICH
544035,Zemplínske Jastrabie,Trebišov,Košický,56,MICH
522635,Zemplínske Kopčany,Michalovce,Košický,56,MICH
544043,Zemplínsky Branč,Trebišov,Košický,56,MICH
523372,Žbince,Michalovce,Košický,56,MICH
520012,Adidovce,Humenné,Prešovský,57,HUME
544060,Babie,Vranov nad Topľou,Prešovský,57,HUME
544078,Banské,Vranov nad Topľou,Prešovský,57,HUME
520021,Baškovce,Humenné,Prešovský,57,HUME
520039,Belá nad Cirochou,Snina,Prešovský,57,HUME
544086,Benkovce,Vranov nad Topľou,Prešovský,57,HUME
520055,Brekov,Humenné,Prešovský,57,HUME
520063,Brestov,Humenné,Prešovský,57,HUME
520071,Brestov nad Laborcom,Medzilaborce,Prešovský,57,HUME
520080,Brezovec,Snina,Prešovský,57,HUME
544094,Bystré,Vranov nad Topľou,Prešovský,57,HUME
544108,Cabov,Vranov nad Topľou,Prešovský,57,HUME
520098,Čabalovce,Medzilaborce,Prešovský,57,HUME
520101,Čabiny,Medzilaborce,Prešovský,57,HUME
544116,Čaklov,Vranov nad Topľou,Prešovský,57,HUME
520110,Černina,Humenné,Prešovský,57,HUME
520128,Čertižné,Medzilaborce,Prešovský,57,HUME
544124,Čičava,Vranov nad Topľou,Prešovský,57,HUME
544132,Čierne nad Topľou,Vranov nad Topľou,Prešovský,57,HUME
520136,Čukalovce,Snina,Prešovský,57,HUME
544141,Ďapalovce,Vranov nad Topľou,Prešovský,57,HUME
544159,Davidov,Vranov nad Topľou,Prešovský,57,HUME
520152,Dedačov,Humenné,Prešovský,57,HUME
544167,Detrík,Vranov nad Topľou,Prešovský,57,HUME
544175,Dlhé Klčovo,Vranov nad Topľou,Prešovský,57,HUME
520161,Dlhé nad Cirochou,Snina,Prešovský,57,HUME
520179,Dúbrava,Snina,Prešovský,57,HUME
544183,Ďurďoš,Vranov nad Topľou,Prešovský,57,HUME
544191,Giglovce,Vranov nad Topľou,Prešovský,57,HUME
544205,Girovce,Vranov nad Topľou,Prešovský,57,HUME
559644,Gruzovce,Humenné,Prešovský,57,HUME
520187,Habura,Medzilaborce,Prešovský,57,HUME
520195,Hankovce,Humenné,Prešovský,57,HUME
544213,Hanušovce nad Topľou,Vranov nad Topľou,Prešovský,57,HUME
559598,Hažín nad Cirochou,Humenné,Prešovský,57,HUME
581674,Hencovce,Vranov nad Topľou,Prešovský,57,HUME
544221,Hermanovce nad Topľou,Vranov nad Topľou,Prešovský,57,HUME
544230,Hlinné,Vranov nad Topľou,Prešovský,57,HUME
528731,Holčíkovce,Vranov nad Topľou,Prešovský,57,HUME
520209,Hostovice,Snina,Prešovský,57,HUME
520217,Hrabová Roztoka,Snina,Prešovský,57,HUME
520225,Hrabovec nad Laborcom,Humenné,Prešovský,57,HUME
520233,Hrubov,Humenné,Prešovský,57,HUME
520241,Hudcovce,Humenné,Prešovský,57,HUME
520004,Humenné,Humenné,Prešovský,57,HUME
520268,Chlmec,Humenné,Prešovský,57,HUME
520276,Jabloň,Humenné,Prešovský,57,HUME
520284,Jalová,Snina,Prešovský,57,HUME
520292,Jankovce,Humenné,Prešovský,57,HUME
559547,Jasenov,Humenné,Prešovský,57,HUME
528749,Jasenovce,Vranov nad Topľou,Prešovský,57,HUME
528757,Jastrabie nad Topľou,Vranov nad Topľou,Prešovský,57,HUME
528765,Juskova Voľa,Vranov nad Topľou,Prešovský,57,HUME
520314,Kalinov,Medzilaborce,Prešovský,57,HUME
520322,Kalná Roztoka,Snina,Prešovský,57,HUME
520331,Kamenica nad Cirochou,Humenné,Prešovský,57,HUME
528773,Kamenná Poruba,Vranov nad Topľou,Prešovský,57,HUME
520349,Kamienka,Humenné,Prešovský,57,HUME
520357,Karná,Humenné,Prešovský,57,HUME
528781,Kladzany,Vranov nad Topľou,Prešovský,57,HUME
520365,Klenová,Snina,Prešovský,57,HUME
520373,Kochanovce,Humenné,Prešovský,57,HUME
520381,Kolbasov,Snina,Prešovský,57,HUME
520390,Kolonica,Snina,Prešovský,57,HUME
528790,Komárany,Vranov nad Topľou,Prešovský,57,HUME
528803,Košarovce,Humenné,Prešovský,57,HUME
520403,Koškovce,Humenné,Prešovský,57,HUME
520411,Krásny Brod,Medzilaborce,Prešovský,57,HUME
528811,Kučín,Vranov nad Topľou,Prešovský,57,HUME
528820,Kvakovce,Vranov nad Topľou,Prešovský,57,HUME
582140,Lackovce,Humenné,Prešovský,57,HUME
520438,Ladomirov,Snina,Prešovský,57,HUME
520446,Lieskovec,Humenné,Prešovský,57,HUME
520454,Ľubiša,Humenné,Prešovský,57,HUME
520462,Lukačovce,Humenné,Prešovský,57,HUME
528838,Majerovce,Vranov nad Topľou,Prešovský,57,HUME
528846,Malá Domaša,Vranov nad Topľou,Prešovský,57,HUME
559652,Maškovce,Humenné,Prešovský,57,HUME
528854,Matiaška,Vranov nad Topľou,Prešovský,57,HUME
528862,Medzianky,Vranov nad Topľou,Prešovský,57,HUME
520471,Medzilaborce,Medzilaborce,Prešovský,57,HUME
528871,Merník,Vranov nad Topľou,Prešovský,57,HUME
520489,Michajlov,Snina,Prešovský,57,HUME
528889,Michalok,Vranov nad Topľou,Prešovský,57,HUME
520497,Modra nad Cirochou,Humenné,Prešovský,57,HUME
520501,Myslina,Humenné,Prešovský,57,HUME
520519,Ňagov,Medzilaborce,Prešovský,57,HUME
520527,Nechválova  Polianka,Humenné,Prešovský,57,HUME
520535,Nižná Jablonka,Humenné,Prešovský,57,HUME
528897,Nižná Sitnica,Humenné,Prešovský,57,HUME
520543,Nižné Ladičkovce,Humenné,Prešovský,57,HUME
528901,Nižný Hrabovec,Vranov nad Topľou,Prešovský,57,HUME
528919,Nižný Hrušov,Vranov nad Topľou,Prešovský,57,HUME
528927,Nižný Kručov,Vranov nad Topľou,Prešovský,57,HUME
528935,Nová Kelča,Vranov nad Topľou,Prešovský,57,HUME
520551,Nová Sedlica,Snina,Prešovský,57,HUME
520560,Ohradzany,Humenné,Prešovský,57,HUME
520578,Oľka,Medzilaborce,Prešovský,57,HUME
520586,Oľšinkov,Medzilaborce,Prešovský,57,HUME
528943,Ondavské Matiašovce,Vranov nad Topľou,Prešovský,57,HUME
520594,Osadné,Snina,Prešovský,57,HUME
528951,Pakostov,Humenné,Prešovský,57,HUME
520616,Palota,Medzilaborce,Prešovský,57,HUME
520624,Papín,Humenné,Prešovský,57,HUME
520632,Parihuzovce,Snina,Prešovský,57,HUME
528960,Pavlovce,Vranov nad Topľou,Prešovský,57,HUME
520641,Pčoliné,Snina,Prešovský,57,HUME
528978,Petkovce,Vranov nad Topľou,Prešovský,57,HUME
528986,Petrovce,Vranov nad Topľou,Prešovský,57,HUME
520659,Pichne,Snina,Prešovský,57,HUME
528994,Piskorovce,Vranov nad Topľou,Prešovský,57,HUME
520667,Porúbka,Humenné,Prešovský,57,HUME
529001,Poša,Vranov nad Topľou,Prešovský,57,HUME
520675,Príslop,Snina,Prešovský,57,HUME
529010,Prituľany,Humenné,Prešovský,57,HUME
529028,Prosačov,Vranov nad Topľou,Prešovský,57,HUME
520683,Ptičie,Humenné,Prešovský,57,HUME
520691,Radvaň nad Laborcom,Medzilaborce,Prešovský,57,HUME
529036,Radvanovce,Vranov nad Topľou,Prešovský,57,HUME
529044,Rafajovce,Vranov nad Topľou,Prešovský,57,HUME
529052,Remeniny,Vranov nad Topľou,Prešovský,57,HUME
520705,Repejov,Medzilaborce,Prešovský,57,HUME
529061,Rohožník,Humenné,Prešovský,57,HUME
520250,Rokytov pri Humennom,Humenné,Prešovský,57,HUME
559610,Rokytovce,Medzilaborce,Prešovský,57,HUME
520713,Roškovce,Medzilaborce,Prešovský,57,HUME
520721,Rovné,Humenné,Prešovský,57,HUME
529079,Rudlov,Vranov nad Topľou,Prešovský,57,HUME
520730,Runina,Snina,Prešovský,57,HUME
529087,Ruská Kajňa,Humenné,Prešovský,57,HUME
529095,Ruská Poruba,Humenné,Prešovský,57,HUME
529109,Ruská Voľa,Vranov nad Topľou,Prešovský,57,HUME
520748,Ruská Volová,Snina,Prešovský,57,HUME
520764,Ruský Potok,Snina,Prešovský,57,HUME
529125,Sačurov,Vranov nad Topľou,Prešovský,57,HUME
529133,Sečovská Polianka,Vranov nad Topľou,Prešovský,57,HUME
529141,Sedliská,Vranov nad Topľou,Prešovský,57,HUME
529150,Skrabské,Vranov nad Topľou,Prešovský,57,HUME
529168,Slovenská Kajňa,Vranov nad Topľou,Prešovský,57,HUME
520772,Slovenská Volová,Humenné,Prešovský,57,HUME
520781,Slovenské Krivé,Humenné,Prešovský,57,HUME
520802,Snina,Snina,Prešovský,57,HUME
529176,Soľ,Vranov nad Topľou,Prešovský,57,HUME
559636,Sopkovce,Humenné,Prešovský,57,HUME
520829,Stakčín,Snina,Prešovský,57,HUME
520811,Stakčínska Roztoka,Snina,Prešovský,57,HUME
520845,Strihovce,Snina,Prešovský,57,HUME
520853,Sukov,Medzilaborce,Prešovský,57,HUME
520861,Svetlice,Medzilaborce,Prešovský,57,HUME
520870,Šmigovec,Snina,Prešovský,57,HUME
529184,Štefanovce,Vranov nad Topľou,Prešovský,57,HUME
520888,Topoľa,Snina,Prešovský,57,HUME
520896,Topoľovka,Humenné,Prešovský,57,HUME
529192,Tovarné,Vranov nad Topľou,Prešovský,57,HUME
529206,Tovarnianska Polianka,Vranov nad Topľou,Prešovský,57,HUME
520900,Turcovce,Humenné,Prešovský,57,HUME
520918,Ubľa,Snina,Prešovský,57,HUME
520926,Udavské,Humenné,Prešovský,57,HUME
520934,Ulič,Snina,Prešovský,57,HUME
520942,Uličské Krivé,Snina,Prešovský,57,HUME
518638,Valaškovce (vojenský obvod),Humenné,Prešovský,57,HUME
520951,Valentovce,Medzilaborce,Prešovský,57,HUME
529214,Vavrinec,Vranov nad Topľou,Prešovský,57,HUME
529222,Vechec,Vranov nad Topľou,Prešovský,57,HUME
520977,Veľopolie,Humenné,Prešovský,57,HUME
520985,Víťazovce,Humenné,Prešovský,57,HUME
529231,Vlača,Vranov nad Topľou,Prešovský,57,HUME
520993,Volica,Medzilaborce,Prešovský,57,HUME
544051,Vranov nad Topľou,Vranov nad Topľou,Prešovský,57,HUME
521001,Výrava,Medzilaborce,Prešovský,57,HUME
521019,Vyšná Jablonka,Humenné,Prešovský,57,HUME
529249,Vyšná Sitnica,Humenné,Prešovský,57,HUME
521027,Vyšné Ladičkovce,Humenné,Prešovský,57,HUME
521035,Vyšný Hrušov,Humenné,Prešovský,57,HUME
529117,Vyšný Kazimír,Vranov nad Topľou,Prešovský,57,HUME
529257,Vyšný Žipov,Vranov nad Topľou,Prešovský,57,HUME
529265,Zámutov,Vranov nad Topľou,Prešovský,57,HUME
529273,Závada,Humenné,Prešovský,57,HUME
521043,Závadka,Humenné,Prešovský,57,HUME
521051,Zboj,Snina,Prešovský,57,HUME
521060,Zbojné,Medzilaborce,Prešovský,57,HUME
521078,Zbudská Belá,Medzilaborce,Prešovský,57,HUME
521086,Zbudské Dlhé,Humenné,Prešovský,57,HUME
521108,Zemplínske Hámre,Snina,Prešovský,57,HUME
529281,Zlatník,Vranov nad Topľou,Prešovský,57,HUME
521116,Zubné,Humenné,Prešovský,57,HUME
529290,Žalobín,Vranov nad Topľou,Prešovský,57,HUME
525537,Ardovo,Rožňava,Košický,58,ROZN
525545,Betliar,Rožňava,Košický,58,ROZN
525553,Bohúňovo,Rožňava,Košický,58,ROZN
525561,Bôrka,Rožňava,Košický,58,ROZN
525570,Brdárka,Rožňava,Košický,58,ROZN
560022,Brzotín,Rožňava,Košický,58,ROZN
525596,Čierna Lehota,Rožňava,Košický,58,ROZN
525600,Čoltovo,Rožňava,Košický,58,ROZN
560031,Čučma,Rožňava,Košický,58,ROZN
525618,Dedinky,Rožňava,Košický,58,ROZN
525626,Dlhá Ves,Rožňava,Košický,58,ROZN
525634,Dobšiná,Rožňava,Košický,58,ROZN
525642,Drnava,Rožňava,Košický,58,ROZN
525651,Gemerská Hôrka,Rožňava,Košický,58,ROZN
525669,Gemerská Poloma,Rožňava,Košický,58,ROZN
525677,Gemerské Teplice,Revúca,Banskobystrický,58,ROZN
525685,Gemerský Sad,Revúca,Banskobystrický,58,ROZN
525693,Gočaltovo,Rožňava,Košický,58,ROZN
525707,Gočovo,Rožňava,Košický,58,ROZN
525715,Hanková,Rožňava,Košický,58,ROZN
525723,Henckovce,Rožňava,Košický,58,ROZN
525731,Honce,Rožňava,Košický,58,ROZN
525740,Hrhov,Rožňava,Košický,58,ROZN
525758,Hrušov,Rožňava,Košický,58,ROZN
525766,Hucín,Revúca,Banskobystrický,58,ROZN
525774,Chyžné,Revúca,Banskobystrický,58,ROZN
525782,Jablonov nad Turňou,Rožňava,Košický,58,ROZN
525791,Jelšava,Revúca,Banskobystrický,58,ROZN
560049,Jovice,Rožňava,Košický,58,ROZN
525812,Kameňany,Revúca,Banskobystrický,58,ROZN
525821,Kečovo,Rožňava,Košický,58,ROZN
525839,Kobeliarovo,Rožňava,Košický,58,ROZN
525847,Koceľovce,Rožňava,Košický,58,ROZN
525855,Kováčová,Rožňava,Košický,58,ROZN
525863,Krásnohorská Dlhá Lúka,Rožňava,Košický,58,ROZN
525871,Krásnohorské Podhradie,Rožňava,Košický,58,ROZN
560065,Kružná,Rožňava,Košický,58,ROZN
525898,Kunova Teplica,Rožňava,Košický,58,ROZN
525901,Licince,Revúca,Banskobystrický,58,ROZN
525910,Lipovník,Rožňava,Košický,58,ROZN
525928,Lubeník,Revúca,Banskobystrický,58,ROZN
525936,Lúčka,Rožňava,Košický,58,ROZN
525944,Magnezitovce,Revúca,Banskobystrický,58,ROZN
525952,Markuška,Rožňava,Košický,58,ROZN
525961,Meliata,Rožňava,Košický,58,ROZN
580384,Mokrá Lúka,Revúca,Banskobystrický,58,ROZN
525987,Muráň,Revúca,Banskobystrický,58,ROZN
525995,Muránska Dlhá Lúka,Revúca,Banskobystrický,58,ROZN
526002,Muránska Huta,Revúca,Banskobystrický,58,ROZN
526011,Muránska Lehota,Revúca,Banskobystrický,58,ROZN
526029,Muránska Zdychava,Revúca,Banskobystrický,58,ROZN
526037,Nandraž,Revúca,Banskobystrický,58,ROZN
526045,Nižná Slaná,Rožňava,Košický,58,ROZN
526053,Ochtiná,Rožňava,Košický,58,ROZN
526061,Pača,Rožňava,Košický,58,ROZN
526070,Pašková,Rožňava,Košický,58,ROZN
526088,Petrovo,Rožňava,Košický,58,ROZN
526096,Plešivec,Rožňava,Košický,58,ROZN
526100,Prihradzany,Revúca,Banskobystrický,58,ROZN
526118,Rákoš,Revúca,Banskobystrický,58,ROZN
526126,Rakovnica,Rožňava,Košický,58,ROZN
526134,Rejdová,Rožňava,Košický,58,ROZN
526142,Revúca,Revúca,Banskobystrický,58,ROZN
526151,Revúcka Lehota,Revúca,Banskobystrický,58,ROZN
526177,Rochovce,Rožňava,Košický,58,ROZN
526185,Roštár,Rožňava,Košický,58,ROZN
526193,Rozložná,Rožňava,Košický,58,ROZN
525529,Rožňava,Rožňava,Košický,58,ROZN
526207,Rožňavské Bystré,Rožňava,Košický,58,ROZN
526215,Rudná,Rožňava,Košický,58,ROZN
526223,Silica,Rožňava,Košický,58,ROZN
526231,Silická Brezová,Rožňava,Košický,58,ROZN
526240,Silická Jablonica,Rožňava,Košický,58,ROZN
526258,Sirk,Revúca,Banskobystrický,58,ROZN
526266,Slavec,Rožňava,Košický,58,ROZN
526274,Slavoška,Rožňava,Košický,58,ROZN
526282,Slavošovce,Rožňava,Košický,58,ROZN
526291,Stratená,Rožňava,Košický,58,ROZN
526304,Šivetice,Revúca,Banskobystrický,58,ROZN
526312,Štítnik,Rožňava,Košický,58,ROZN
526321,Turčok,Revúca,Banskobystrický,58,ROZN
526339,Vlachovo,Rožňava,Košický,58,ROZN
526347,Vyšná Slaná,Rožňava,Košický,58,ROZN
